,eye top x,eye top y,eye front x,eye front y,eye bottom x,eye bottom y,eye back x,eye back y,nose top x,nose top y,nose tip x,nose tip y,nose bottom x,nose bottom y,whisker 1 x,whisker 1 y,whisker 2 x,whisker 2 y,whisker 3 x,whisker 3 y,mouth x,mouth y,lip x,lip y
img0051.png,589.0232336327340,70.61145678,501.3452129858910,106.27709229359100,563.7600751412710,174.6362270351970,636.5774143225470,156.80340927651800,175.8962888899830,127.0820463453840,128.3421082001700,162.74768186274400,146.17492595885000,240.0232254836900,370.5712160889050,237.05108919057700,358.6826709164520,189.49690850076400,340.8498531577720,275.68886100105000,293.2956724679590,394.5743127255830,339.36378501121600,425.7817438032720
img0076.png,590.5093017792910,64.66718419000480,501.3452129858910,104.79102414703400,565.2461432878270,171.66409074208400,638.0634824691040,153.83127298340400,177.38235703654000,133.02631893161100,125.36997190705700,177.60836332831000,149.1470622519640,240.0232254836900,364.6269435026790,238.53715733713400,352.73839833022500,193.95511294043400,354.22446647678200,284.6052698803900,296.2678087610730,393.08824457902600,336.39164871810200,433.21208453605600
img0090.png,581.5928928999510,64.66718419000480,501.3452129858910,107.76316044014800,569.7043477274970,171.66409074208400,638.0634824691040,149.37306854373400,172.9241526,133.02631893161100,119.42569932083000,176.12229518175400,146.17492595885000,234.07895289746300,308.15635393352600,228.13468031123700,337.8777168646590,189.49690850076400,364.6269435026790,290.5495424666170,294.78174061451600,391.60217643246900,336.39164871810200,418.3514031
img0114.png,586.0510973396210,66.15325233656140,501.3452129858910,104.79102414703400,566.7322114343840,171.66409074208400,636.5774143225470,156.80340927651800,186.2987659158800,124.10991005227100,134.2863807863970,165.71981815585700,156.57740298474700,247.4535662164730,361.65480720956500,245.96749806991700,351.2523301836690,196.92724923354700,336.39164871810200,283.1192017338330,315.58669466630900,390.1161082859130,370.5712160889050,427.26781194982900
img0192.png,584.5650292,63.18111604344810,498.3730766927780,112.22136487981800,563.7600751412710,173.1501588886410,638.0634824691040,156.80340927651800,161.03560742441700,143.42879595750700,116.45356302771700,193.9551129404340,150.63313039852000,248.93963436303000,343.8219894508860,244.48142992336000,336.39164871810200,193.95511294043400,355.7105346233390,297.9798831994000,312.61455837319600,388.63004013935600,358.6826709164520,419.8374712170460
img0356.png,584.5650292,69.12538862967480,502.83128113244800,110.73529673326100,563.7600751412710,171.66409074208400,638.0634824691040,162.74768186274400,178.86842518309700,128.56811449194100,125.36997190705700,183.55263591453700,150.63313039852000,245.96749806991700,305.18421764041200,226.64861216468000,340.8498531577720,188.01084035420700,324.50310354564900,272.71672470793700,293.2956724679590,397.5464490186960,334.90558057154600,437.67028897572600
img0397.png,590.5093017792910,67.63932048311810,501.3452129858910,104.79102414703400,563.7600751412710,168.69195444897100,638.0634824691040,153.83127298340400,172.9241526,134.51238707816700,113.48142673460400,199.89938552666000,146.17492595885000,238.53715733713300,358.6826709164520,240.02322548369000,342.33592130432900,192.46904479387700,328.96130798531900,280.1470654407200,303.6981494938560,390.1161082859130,352.73839833022500,419.8374712170460
img0571.png,587.5371654861770,69.12538862967480,499.8591448393350,106.27709229359100,560.7879388481570,174.63622703519700,636.5774143225470,155.31734112996100,158.06347113130300,144.91486410406400,117.9396311742740,193.9551129404340,149.1470622519640,253.3978388,340.8498531577720,250.4257025095870,330.4473761318760,196.92724923354700,351.2523301836690,302.4380876390700,311.1284902266390,388.63004013935600,358.6826709164520,424.2956756567160
img0658.png,591.9953699258470,66.15325233656140,502.83128113244800,107.76316044014800,565.2461432878270,174.6362270351970,641.0356187622170,153.83127298340400,153.60526669163300,150.8591366902910,116.45356302771700,193.9551129404340,149.1470622519640,244.48142992336000,351.2523301836690,242.99536177680400,339.36378501121600,198.41331738010400,318.5588309594220,280.1470654407200,308.15635393352600,390.1161082859130,352.73839833022500,424.2956756567160
img0683.png,587.5371654861770,69.12538862967480,498.3730766927780,113.70743302637400,566.7322114343840,173.1501588886410,639.5495506156600,152.34520483684800,153.60526669163300,150.8591366902910,114.96749488116000,205.8436581,147.66099410540700,242.9953617768030,302.21208134729900,231.10681660435000,334.90558057154600,196.92724923354700,318.5588309594220,278.6609972941630,311.1284902266390,390.1161082859130,366.1130116492350,425.7817438032720
img0703.png,593.4814380724040,66.15325233656140,504.3173492790050,109.24922858670400,566.7322114343840,174.6362270351970,642.5216869087740,155.31734112996100,169.9520163037570,138.97059151783700,114.96749488116000,192.46904479387700,156.57740298474700,257.8560432,306.6702857869690,232.59288475090700,336.39164871810200,195.44118108699000,321.5309672525360,287.5774061735030,314.1006265197520,393.08824457902600,354.22446647678200,421.3235393636020
img0763.png,584.5650292,66.15325233656140,499.8591448393350,113.70743302637400,568.2182795809410,176.12229518175400,641.0356187622170,156.80340927651800,162.5216755709730,138.97059151783700,119.42569932083000,188.01084035420700,153.60526669163300,253.3978388,318.5588309594220,231.10681660435000,342.33592130432900,195.44118108699000,336.39164871810200,280.1470654407200,321.5309672525360,397.5464490186960,369.08514794234900,434.69815268261200
img0888.png,589.0232336327340,64.66718419000480,505.8034174255610,106.27709229359100,574.1625521671670,177.6083633283110,636.5774143225470,161.26161371618800,168.46594815720000,143.42879595750700,119.42569932083000,193.9551129404340,144.68885781229400,245.9674980699170,305.18421764041200,234.07895289746400,339.36378501121600,198.41331738010400,325.9891716922060,278.6609972941630,315.58669466630900,387.1439719927990,364.6269435026790,421.3235393636020
img0951.png,590.5093017792910,69.12538862967480,502.83128113244800,106.27709229359100,560.7879388481570,170.1780225955270,635.0913461759900,153.83127298340400,159.54953927786000,140.45665966439400,120.9117675,186.52477220765000,144.68885781229400,238.53715733713300,361.65480720956500,240.02322548369000,349.76626203711200,192.46904479387700,336.39164871810200,280.1470654407200,317.0727628128660,390.1161082859130,361.65480720956500,421.3235393636020
img1078.png,596.4535743655170,63.18111604344810,504.3173492790050,103.30495600047800,559.3018707016010,170.1780225955270,635.0913461759900,161.26161371618800,177.38235703654000,135.99845522472400,125.36997190705700,177.60836332831000,144.68885781229400,250.4257025095870,361.65480720956500,248.93963436303000,349.76626203711200,195.44118108699000,331.93344427843200,277.17492914760700,317.0727628128660,393.08824457902600,352.73839833022500,419.8374712170460
img1221.png,593.4814380724040,64.66718419000480,498.3730766927780,112.22136487981800,563.7600751412710,171.66409074208400,638.0634824691040,159.77554556963100,166.97988001064300,141.94272781095100,117.9396311742740,185.03870406109400,147.66099410540700,248.93963436303000,296.2678087610730,234.07895289746400,331.93344427843200,196.92724923354700,314.1006265197520,277.1749291476070,311.1284902266390,384.1718356996860,342.33592130432900,410.92106233770600
img1383.png,581.5928928999510,66.15325233656140,501.3452129858910,103.30495600047800,572.6764840206110,174.6362270351970,636.5774143225470,158.28947742307400,183.3266296227670,128.56811449194100,137.25851707951000,174.63622703519700,165.49381186408700,251.91177065614300,378.0015568216890,244.4814299233600,363.1408753561220,195.44118108699000,360.16873906300900,284.6052698803900,318.5588309594220,388.63004013935600,348.2801938905560,418.3514031
img1439.png,586.0510973396210,70.61145678,496.8870085462210,104.79102414703400,574.1625521671670,173.1501588886410,635.0913461759900,156.80340927651800,177.38235703654000,128.56811449194100,131.3142444932840,173.15015888864100,155.0913348381900,247.4535662164730,315.58669466630900,228.13468031123700,348.2801938905560,193.95511294043400,331.93344427843200,278.6609972941630,312.61455837319600,384.1718356996860,358.6826709164520,418.3514031
img1604.png,583.0789610465070,67.63932048311810,499.8591448393350,107.76316044014800,562.2740069947140,174.6362270351970,638.0634824691040,150.85913669029100,187.78483406243700,124.10991005227100,134.2863807863970,173.15015888864100,156.57740298474700,244.48142992336000,370.5712160889050,231.10681660435000,355.7105346233390,190.98297664732100,360.16873906300900,292.03561061317300,281.4071272955060,393.08824457902600,323.0170353990920,431.72601638949900
img1713.png,586.0510973396210,64.66718419000480,501.3452129858910,103.30495600047800,571.1904159,168.69195444897100,633.6052780294340,143.42879595750800,166.97988001064300,138.97059151783700,120.9117675,190.9829766473200,158.06347113130300,254.8839069492570,305.18421764041200,229.62074845779400,339.36378501121600,196.92724923354700,321.5309672525360,277.1749291476070,309.6424220800820,384.1718356996860,361.65480720956500,418.3514031
img1837.png,586.0510973396210,67.63932048311810,501.3452129858910,103.30495600047800,568.2182795809410,173.1501588886410,636.5774143225470,155.31734112996100,174.41022074342700,135.99845522472400,119.42569932083000,188.01084035420700,149.1470622519640,244.48142992336000,361.65480720956500,241.50929363024700,346.79412574399900,189.49690850076400,331.93344427843200,277.17492914760700,311.1284902266390,385.65790384624300,360.16873906300900,416.8653349239320
img1852.png,587.5371654861770,69.12538862967480,504.3173492790050,101.81888785392100,569.7043477274970,171.66409074208400,635.0913461759900,161.26161371618800,166.97988001064300,140.45665966439400,123.88390376050000,176.12229518175400,153.60526669163300,251.91177065614300,361.65480720956500,240.02322548369000,349.76626203711200,193.95511294043400,330.4473761318760,280.1470654407200,317.0727628128660,385.65790384624300,358.6826709164520,418.3514031
img1878.png,589.0232336327340,66.15325233656140,501.3452129858910,106.27709229359100,568.2182795809410,173.1501588886410,636.5774143225470,155.31734112996100,164.00774371753000,137.48452337128100,122.39783561394400,180.58049962142400,153.60526669163300,254.8839069492570,305.18421764041200,228.13468031123700,340.8498531577720,198.41331738010400,321.5309672525360,275.68886100105000,312.61455837319600,382.68576755312900,354.22446647678200,413.8931986308190
img1887.png,586.0510973396210,64.66718419000480,499.8591448393350,113.70743302637400,569.7043477274970,173.1501588886410,636.5774143225470,150.85913669029100,159.54953927786000,138.97059151783700,113.48142673460400,193.9551129404340,150.63313039852000,250.4257025095870,305.18421764041200,235.56502104402000,339.36378501121600,196.92724923354700,324.50310354564900,284.60526988039000,317.0727628128660,387.1439719927990,361.65480720956500,416.8653349239320
img1923.png,589.0232336327340,70.61145678,507.28948557211800,106.27709229359100,574.1625521671670,173.1501588886410,632.1192098828770,152.34520483684800,186.2987659158800,128.56811449194100,125.36997190705700,186.52477220765000,152.1191985450770,248.93963436303000,315.58669466630900,231.10681660435000,351.2523301836690,192.46904479387700,328.96130798531900,277.17492914760700,309.6424220800820,385.65790384624300,361.65480720956500,418.3514031
img1996.png,587.5371654861770,70.61145678,502.83128113244800,104.79102414703400,568.2182795809410,173.1501588886410,639.5495506156600,153.83127298340400,190.7569703555500,118.16563746604400,137.25851707951000,155.31734112996100,156.57740298474700,251.91177065614300,361.65480720956500,247.45356621647300,354.22446647678200,199.89938552666000,325.9891716922060,280.1470654407200,306.6702857869690,387.1439719927990,348.2801938905560,416.8653349239320
img2041.png,590.5093017792910,66.15325233656140,501.3452129858910,101.81888785392100,568.2182795809410,171.66409074208400,639.5495506156600,149.37306854373400,180.35449332965300,128.56811449194100,126.85604005361400,165.71981815585700,153.60526669163300,237.05108919057700,315.58669466630900,225.16254401812400,345.3080575974420,190.98297664732100,328.96130798531900,274.2027928544930,314.1006265197520,387.1439719927990,355.7105346233390,416.8653349239320
img2049.png,590.5093017792910,60.20897975033480,501.3452129858910,103.30495600047800,569.7043477274970,177.6083633283110,638.0634824691040,155.31734112996100,210.07585626078600,113.70743302637400,134.2863807863970,158.2894774,159.54953927786000,241.50929363024700,357.19660276989500,240.02322548369000,351.2523301836690,192.46904479387700,331.93344427843200,274.2027928544930,314.1006265197520,393.08824457902600,349.76626203711200,418.3514031
img2078.png,589.0232336327340,69.12538862967480,502.83128113244800,101.81888785392100,571.1904159,177.6083633283110,636.5774143225470,153.83127298340400,180.35449332965300,131.54025078505400,122.39783561394400,179.09443147486700,144.68885781229400,234.07895289746300,379.4876249682450,237.05108919057700,363.1408753561220,192.46904479387700,352.73839833022500,269.74458841482300,311.1284902266390,385.65790384624300,355.7105346233390,421.3235393636020
img2118.png,590.5093017792910,70.61145678,501.3452129858910,107.76316044014800,571.1904159,170.1780225955270,636.5774143225470,149.37306854373400,181.84056147621000,133.02631893161100,119.42569932083000,188.01084035420700,146.17492595885000,242.9953617768030,309.6424220800820,229.62074845779400,340.8498531577720,193.95511294043400,325.9891716922060,275.68886100105000,302.21208134729900,384.1718356996860,355.7105346233390,419.8374712170460
img2211.png,591.9953699258470,67.63932048311810,499.8591448393350,107.76316044014800,565.2461432878270,177.6083633283110,633.6052780294340,162.74768186274400,180.35449332965300,128.56811449194100,128.3421082001700,174.63622703519700,152.1191985450770,254.8839069492570,358.6826709164520,242.99536177680400,348.2801938905560,193.95511294043400,330.4473761318760,284.60526988039000,318.5588309594220,388.63004013935600,376.51548867513200,428.75388009638600
img2249.png,584.5650292,67.63932048311810,501.3452129858910,109.24922858670400,569.7043477274970,173.1501588886410,635.0913461759900,155.31734112996100,175.8962888899830,137.48452337128100,135.77244893295400,188.01084035420700,159.54953927786000,245.96749806991700,383.94582940791500,241.50929363024700,367.5990798,193.95511294043400,361.65480720956500,287.5774061735030,314.1006265197520,388.63004013935600,358.6826709164520,412.4071304842620
img2252.png,586.0510973396210,67.63932048311810,504.3173492790050,106.27709229359100,571.1904159,171.66409074208400,638.0634824691040,155.31734112996100,189.27090220899300,130.05418263849800,132.80031263984000,168.6919544489710,153.60526669163300,234.07895289746300,385.4318975544720,237.05108919057700,369.08514794234900,195.44118108699000,363.1408753561220,278.6609972941630,302.21208134729900,382.68576755312900,349.76626203711200,412.4071304842620
img2267.png,586.0510973396210,63.18111604344810,505.8034174255610,107.76316044014800,569.7043477274970,173.1501588886410,641.0356187622170,153.83127298340400,169.9520163037570,137.48452337128100,129.82817634672700,171.66409074208400,146.17492595885000,231.10681660435000,375.0294205285750,238.53715733713400,360.16873906300900,199.89938552666000,351.2523301836690,281.6331335872770,314.1006265197520,388.63004013935600,369.08514794234900,419.8374712170460
img2286.png,590.5093017792910,66.15325233656140,507.28948557211800,104.79102414703400,568.2182795809410,176.12229518175400,639.5495506156600,156.80340927651800,172.9241526,133.02631893161100,131.3142444932840,171.66409074208400,153.60526669163300,242.9953617768030,366.1130116492350,242.99536177680400,354.22446647678200,195.44118108699000,339.36378501121600,281.6331335872770,317.0727628128660,385.65790384624300,366.1130116492350,422.8096075
img2369.png,587.5371654861770,69.12538862967480,510.26162186523100,104.79102414703400,572.6764840206110,173.1501588886410,635.0913461759900,152.34520483684800,180.35449332965300,127.0820463453840,134.2863807863970,159.77554556963100,146.17492595885000,240.0232254836900,352.73839833022500,241.50929363024700,349.76626203711200,189.49690850076400,327.4752398387620,280.1470654407200,314.1006265197520,388.63004013935600,351.2523301836690,416.8653349239320
img2600.png,596.4535743655170,66.15325233656140,502.83128113244800,104.79102414703400,566.7322114343840,173.1501588886410,639.5495506156600,153.83127298340400,165.49381186408700,144.91486410406400,117.9396311742740,190.9829766473200,144.68885781229400,240.0232254836900,300.72601320074200,231.10681660435000,333.4195124249890,193.95511294043400,357.19660276989500,300.95201949251300,302.21208134729900,384.1718356996860,357.19660276989500,416.8653349239320
img2769.png,587.5371654861770,67.63932048311810,502.83128113244800,106.27709229359100,557.8158025550440,170.1780225955270,639.5495506156600,155.31734112996100,187.78483406243700,128.56811449194100,138.74458522606700,177.60836332831100,153.60526669163300,238.53715733713300,373.54335238201900,226.6486121646800,352.73839833022500,188.01084035420700,366.1130116492350,290.5495424666170,303.6981494938560,390.1161082859130,339.36378501121600,416.8653349239320
img2962.png,590.5093017792910,66.15325233656140,501.3452129858910,100.33281970736500,572.6764840206110,171.66409074208400,642.5216869087740,152.34520483684800,162.5216755709730,141.94272781095100,114.96749488116000,190.9829766473200,149.1470622519640,250.4257025095870,302.21208134729900,234.07895289746400,340.8498531577720,193.95511294043400,318.5588309594220,281.6331335872770,300.72601320074200,385.65790384624300,355.7105346233390,413.8931986308190
img2982.png,586.0510973396210,66.15325233656140,507.28948557211800,104.79102414703400,565.2461432878270,177.6083633283110,638.0634824691040,155.31734112996100,166.97988001064300,140.45665966439400,116.45356302771700,192.46904479387700,149.1470622519640,242.9953617768030,361.65480720956500,241.50929363024700,348.2801938905560,195.44118108699000,337.8777168646590,283.1192017338330,317.0727628128660,390.1161082859130,357.19660276989500,421.3235393636020
img3050.png,583.0789610465070,64.66718419000480,504.3173492790050,106.27709229359100,574.1625521671670,173.1501588886410,635.0913461759900,153.83127298340400,186.2987659158800,125.59597819882800,141.7167215191800,164.2337500093010,159.54953927786000,242.9953617768030,369.08514794234900,234.07895289746400,349.76626203711200,190.98297664732100,376.51548867513200,281.6331335872770,306.6702857869690,384.1718356996860,355.7105346233390,421.3235393636020
img3280.png,586.0510973396210,63.18111604344810,501.3452129858910,109.24922858670400,575.6486203,173.1501588886410,642.5216869087740,150.85913669029100,174.41022074342700,130.05418263849800,125.36997190705700,177.60836332831000,147.66099410540700,240.0232254836900,363.1408753561220,245.96749806991700,349.76626203711200,195.44118108699000,375.0294205285750,297.9798831994000,312.61455837319600,382.68576755312900,364.6269435026790,418.3514031
img3405.png,584.5650292,67.63932048311810,505.8034174255610,101.81888785392100,568.2182795809410,173.1501588886410,636.5774143225470,159.77554556963100,184.81269776932300,125.59597819882800,132.80031263984000,161.2616137161870,153.60526669163300,238.53715733713300,386.91796570102900,245.96749806991700,376.51548867513200,198.41331738010400,363.1408753561220,280.1470654407200,305.18421764041200,381.19969940657300,345.3080575974420,412.4071304842620
img3446.png,584.5650292,64.66718419000480,499.8591448393350,104.79102414703400,566.7322114343840,173.1501588886410,638.0634824691040,153.83127298340400,181.84056147621000,124.10991005227100,128.3421082001700,156.8034092765170,155.0913348381900,244.48142992336000,357.19660276989500,232.59288475090700,346.79412574399900,182.0665677679810,342.33592130432900,303.92415578562600,314.1006265197520,393.08824457902600,351.2523301836690,413.8931986308190
img3615.png,586.0510973396210,64.66718419000480,504.3173492790050,103.30495600047800,571.1904159,174.6362270351970,639.5495506156600,155.31734112996100,177.38235703654000,130.05418263849800,128.3421082001700,167.2058863024140,144.68885781229400,235.5650210440200,383.94582940791500,232.59288475090700,370.5712160889050,189.49690850076400,369.08514794234900,268.2585202682670,303.6981494938560,385.65790384624300,355.7105346233390,418.3514031
img3638.png,581.5928928999510,67.63932048311810,504.3173492790050,104.79102414703400,565.2461432878270,171.66409074208400,636.5774143225470,150.85913669029100,175.8962888899830,127.0820463453840,131.3142444932840,165.71981815585700,155.0913348381900,241.50929363024700,373.54335238201900,242.99536177680400,361.65480720956500,190.98297664732100,354.22446647678200,281.6331335872770,309.6424220800820,387.1439719927990,349.76626203711200,415.37926677737600
img3751.png,580.1068248,69.12538862967480,504.3173492790050,107.76316044014800,568.2182795809410,170.1780225955270,636.5774143225470,156.80340927651800,165.49381186408700,135.99845522472400,125.36997190705700,174.63622703519700,150.63313039852000,241.50929363024700,346.79412574399900,242.99536177680400,336.39164871810200,192.46904479387700,314.1006265197520,278.6609972941630,314.1006265197520,384.1718356996860,358.6826709164520,415.37926677737600
img3908.png,584.5650292,66.15325233656140,505.8034174255610,109.24922858670400,565.2461432878270,174.6362270351970,635.0913461759900,156.80340927651800,166.97988001064300,137.48452337128100,126.85604005361400,176.12229518175400,147.66099410540700,244.48142992336000,367.5990798,238.53715733713400,357.19660276989500,188.01084035420700,343.8219894508860,277.17492914760700,311.1284902266390,388.63004013935600,351.2523301836690,419.8374712170460
img4001.png,584.5650292,66.15325233656140,504.3173492790050,112.22136487981800,571.1904159,173.1501588886410,641.0356187622170,153.83127298340400,169.9520163037570,134.51238707816700,120.9117675,189.49690850076400,152.1191985450770,248.93963436303000,348.2801938905560,247.45356621647300,337.8777168646590,195.44118108699000,360.16873906300900,302.4380876390700,315.58669466630900,385.65790384624300,361.65480720956500,419.8374712170460
img4241.png,584.5650292,66.15325233656140,501.3452129858910,110.73529673326100,569.7043477274970,171.66409074208400,638.0634824691040,150.85913669029100,164.00774371753000,140.45665966439400,120.9117675,190.9829766473200,150.63313039852000,242.9953617768030,354.22446647678200,247.45356621647300,343.8219894508860,192.46904479387700,324.50310354564900,289.06347432006000,309.6424220800820,385.65790384624300,352.73839833022500,416.8653349239320
img4261.png,581.5928928999510,66.15325233656140,499.8591448393350,106.27709229359100,572.6764840206110,171.66409074208400,636.5774143225470,150.85913669029100,165.49381186408700,138.97059151783700,119.42569932083000,186.52477220765000,156.57740298474700,250.4257025095870,346.79412574399900,250.4257025095870,334.90558057154600,199.89938552666000,355.7105346233390,300.9520194925130,311.1284902266390,382.68576755312900,345.3080575974420,413.89319863081900
img4455.png,590.5093017792910,69.12538862967480,504.3173492790050,109.24922858670400,572.6764840206110,173.1501588886410,638.0634824691040,152.34520483684800,184.81269776932300,127.0820463453840,135.77244893295400,167.20588630241400,150.63313039852000,244.48142992336000,375.0294205285750,240.02322548369000,361.65480720956500,193.95511294043400,354.22446647678200,277.17492914760700,309.6424220800820,391.6021764324690,346.79412574399900,416.8653349239320
img4473.png,589.0232336327340,61.69504789689150,499.8591448393350,109.24922858670400,563.7600751412710,171.66409074208400,636.5774143225470,158.28947742307400,220.4783333,107.76316044014800,156.57740298474700,135.99845522472400,155.0913348381900,226.64861216468000,389.8901019941420,241.50929363024700,379.4876249682450,199.89938552666000,361.65480720956500,283.1192017338330,302.21208134729900,384.1718356996860,342.33592130432900,418.3514031
img4680.png,589.0232336327340,64.66718419000480,504.3173492790050,110.73529673326100,568.2182795809410,171.66409074208400,638.0634824691040,156.80340927651800,174.41022074342700,128.56811449194100,135.77244893295400,156.8034092765170,155.0913348381900,242.9953617768030,370.5712160889050,244.48142992336000,357.19660276989500,193.95511294043400,336.39164871810200,272.71672470793700,312.61455837319600,384.1718356996860,351.2523301836690,418.3514031
img4852.png,589.0232336327340,69.12538862967480,505.8034174255610,106.27709229359100,563.7600751412710,176.12229518175400,641.0356187622170,153.83127298340400,171.43808445031300,135.99845522472400,125.36997190705700,176.12229518175400,147.66099410540700,248.93963436303000,303.6981494938560,232.59288475090700,339.36378501121600,196.92724923354700,321.5309672525360,281.6331335872770,308.15635393352600,384.1718356996860,360.16873906300900,418.3514031
img4943.png,586.0510973396210,67.63932048311810,502.83128113244800,106.27709229359100,566.7322114343840,174.6362270351970,636.5774143225470,152.34520483684800,208.58978811423000,109.24922858670400,135.77244893295400,147.88700039717700,150.63313039852000,237.05108919057700,360.16873906300900,240.02322548369000,351.2523301836690,189.49690850076400,334.90558057154600,272.71672470793700,314.1006265197520,388.63004013935600,361.65480720956500,422.8096075
img4997.png,593.4814380724040,66.15325233656140,502.83128113244800,103.30495600047800,566.7322114343840,174.6362270351970,635.0913461759900,155.31734112996100,165.49381186408700,135.99845522472400,128.3421082001700,170.17802259552700,150.63313039852000,244.48142992336000,382.4597612613590,234.07895289746400,369.08514794234900,189.49690850076400,367.5990798,272.71672470793700,309.6424220800820,388.63004013935600,358.6826709164520,421.3235393636020
img5090.png,591.9953699258470,66.15325233656140,502.83128113244800,113.70743302637400,566.7322114343840,171.66409074208400,638.0634824691040,150.85913669029100,174.41022074342700,138.97059151783700,117.9396311742740,182.06656776798000,150.63313039852000,240.0232254836900,370.5712160889050,231.10681660435000,358.6826709164520,189.49690850076400,351.2523301836690,269.74458841482300,305.18421764041200,387.1439719927990,340.8498531577720,418.3514031
img5167.png,587.5371654861770,67.63932048311810,502.83128113244800,112.22136487981800,566.7322114343840,170.1780225955270,639.5495506156600,155.31734112996100,171.43808445031300,134.51238707816700,120.9117675,174.63622703519700,150.63313039852000,253.3978388,376.51548867513200,229.62074845779400,355.7105346233390,185.03870406109400,355.7105346233390,272.71672470793700,308.15635393352600,394.5743127255830,349.76626203711200,422.8096075
img5188.png,587.5371654861770,69.12538862967480,504.3173492790050,107.76316044014800,568.2182795809410,170.1780225955270,639.5495506156600,156.80340927651800,184.81269776932300,127.0820463453840,126.85604005361400,170.17802259552700,150.63313039852000,248.93963436303000,376.51548867513200,232.59288475090700,366.1130116492350,189.49690850076400,345.3080575974420,289.06347432006000,303.6981494938560,397.5464490186960,349.76626203711200,421.3235393636020
img5240.png,586.0510973396210,63.18111604344810,498.3730766927780,104.79102414703400,563.7600751412710,171.66409074208400,638.0634824691040,155.31734112996100,202.64551552800300,112.22136487981800,146.17492595885000,143.42879595750700,150.63313039852000,235.5650210440200,379.4876249682450,235.56502104402000,369.08514794234900,192.46904479387700,345.3080575974420,284.6052698803900,303.6981494938560,394.5743127255830,334.90558057154600,416.8653349239320
img5315.png,581.5928928999510,70.61145678,501.3452129858910,106.27709229359100,566.7322114343840,171.66409074208400,641.0356187622170,152.34520483684800,183.3266296227670,128.56811449194100,120.9117675,188.01084035420700,150.63313039852000,245.96749806991700,379.4876249682450,235.56502104402000,370.5712160889050,190.98297664732100,342.33592130432900,287.5774061735030,305.18421764041200,393.08824457902600,346.79412574399900,419.8374712170460
img5340.png,587.5371654861770,67.63932048311810,504.3173492790050,109.24922858670400,565.2461432878270,170.1780225955270,639.5495506156600,156.80340927651800,174.41022074342700,137.48452337128100,117.9396311742740,179.09443147486700,159.54953927786000,254.8839069492570,388.40403384758500,235.56502104402000,370.5712160889050,190.98297664732100,364.6269435026790,269.74458841482300,300.72601320074200,393.08824457902600,343.8219894508860,415.37926677737600
img5420.png,587.5371654861770,61.69504789689150,502.83128113244800,112.22136487981800,569.7043477274970,171.66409074208400,636.5774143225470,155.31734112996100,150.63313039852000,162.74768186274400,111.99535858804700,222.19040772501000,150.63313039852000,268.2585202682670,375.0294205285750,231.10681660435000,354.22446647678200,190.98297664732100,358.6826709164520,265.28638397515300,297.75387690762900,393.08824457902600,339.36378501121600,427.26781194982900
img5455.png,578.6207566068370,64.66718419000480,499.8591448393350,116.67956931948800,565.2461432878270,167.20588630241400,636.5774143225470,150.85913669029100,175.8962888899830,128.56811449194100,126.85604005361400,176.12229518175400,153.60526669163300,242.9953617768030,358.6826709164520,231.10681660435000,343.8219894508860,185.03870406109400,331.93344427843200,268.2585202682670,302.21208134729900,399.03251716525200,343.8219894508860,421.3235393636020
img5612.png,580.1068248,69.12538862967480,510.26162186523100,106.27709229359100,566.7322114343840,173.1501588886410,639.5495506156600,158.28947742307400,177.38235703654000,122.62384190571400,128.3421082001700,165.71981815585700,150.63313039852000,237.05108919057700,308.15635393352600,231.10681660435000,345.3080575974420,193.95511294043400,323.0170353990920,277.1749291476070,306.6702857869690,396.06038087213900,340.8498531577720,419.8374712170460
img5704.png,586.0510973396210,69.12538862967480,502.83128113244800,107.76316044014800,569.7043477274970,173.1501588886410,633.6052780294340,155.31734112996100,162.5216755709730,141.94272781095100,109.02322229493400,195.44118108699000,144.68885781229400,244.48142992336000,302.21208134729900,235.56502104402000,337.8777168646590,196.92724923354700,320.0448991,281.6331335872770,314.1006265197520,394.5743127255830,352.73839833022500,425.7817438032720
img5822.png,587.5371654861770,64.66718419000480,501.3452129858910,106.27709229359100,566.7322114343840,173.1501588886410,635.0913461759900,156.80340927651800,174.41022074342700,140.45665966439400,117.9396311742740,193.9551129404340,152.1191985450770,253.3978388,305.18421764041200,235.56502104402000,333.4195124249890,196.92724923354700,314.1006265197520,278.6609972941630,318.5588309594220,394.5743127255830,372.0572842,418.3514031
img6072.png,584.5650292,61.69504789689150,498.3730766927780,107.76316044014800,562.2740069947140,167.20588630241400,636.5774143225470,155.31734112996100,184.81269776932300,118.16563746604400,135.77244893295400,155.31734112996100,161.03560742441700,245.96749806991700,363.1408753561220,241.50929363024700,349.76626203711200,189.49690850076400,328.96130798531900,275.68886100105000,309.6424220800820,397.5464490186960,366.1130116492350,428.75388009638600
img6080.png,589.0232336327340,63.18111604344810,504.3173492790050,107.76316044014800,560.7879388481570,168.69195444897100,630.6331417363200,156.80340927651800,192.24303850210700,119.6517056126010,137.25851707951000,155.31734112996100,146.17492595885000,225.16254401812400,355.7105346233390,238.53715733713400,346.79412574399900,180.58049962142400,323.0170353990920,268.25852026826700,309.6424220800820,396.06038087213900,367.5990798,425.7817438032720
img6114.png,583.0789610465070,69.12538862967480,501.3452129858910,112.22136487981800,566.7322114343840,168.69195444897100,636.5774143225470,153.83127298340400,177.38235703654000,134.51238707816700,131.3142444932840,164.2337500093010,156.57740298474700,247.4535662164730,382.4597612613590,237.05108919057700,367.5990798,185.03870406109400,367.5990798,269.74458841482300,302.21208134729900,388.63004013935600,340.8498531577720,424.2956756567160
img6158.png,583.0789610465070,64.66718419000480,504.3173492790050,110.73529673326100,563.7600751412710,170.1780225955270,635.0913461759900,156.80340927651800,172.9241526,130.05418263849800,116.45356302771700,179.09443147486700,149.1470622519640,244.48142992336000,355.7105346233390,238.53715733713400,342.33592130432900,188.01084035420700,330.4473761318760,274.2027928544930,306.6702857869690,390.1161082859130,355.7105346233390,422.8096075
img6367.png,586.0510973396210,64.66718419000480,502.83128113244800,109.24922858670400,569.7043477274970,168.69195444897100,638.0634824691040,159.77554556963100,181.84056147621000,130.05418263849800,129.82817634672700,179.09443147486700,152.1191985450770,245.96749806991700,366.1130116492350,240.02322548369000,349.76626203711200,195.44118108699000,345.3080575974420,274.2027928544930,311.1284902266390,400.51858531180900,367.5990798,425.7817438032720
img6449.png,589.0232336327340,69.12538862967480,505.8034174255610,106.27709229359100,571.1904159,174.6362270351970,639.5495506156600,152.34520483684800,221.9644014332400,115.19350117293100,149.1470622519640,164.2337500093010,156.57740298474700,232.59288475090700,418.12539677871800,248.93963436303000,401.77864716659500,204.35758996633000,395.8343745803690,281.63313358727700,306.6702857869690,391.6021764324690,351.2523301836690,424.2956756567160
img6635.png,581.5928928999510,70.61145678,505.8034174255610,106.27709229359100,571.1904159,176.12229518175400,638.0634824691040,153.83127298340400,171.43808445031300,134.51238707816700,123.88390376050000,173.15015888864100,149.1470622519640,237.05108919057700,309.6424220800820,229.62074845779400,343.8219894508860,186.52477220765100,320.0448991,283.1192017338330,311.1284902266390,388.63004013935600,343.8219894508860,416.8653349239320
img6657.png,589.0232336327340,61.69504789689150,502.83128113244800,106.27709229359100,566.7322114343840,176.12229518175400,641.0356187622170,152.34520483684800,183.3266296227670,119.6517056126010,134.2863807863970,164.2337500093010,153.60526669163300,240.0232254836900,385.4318975544720,240.02322548369000,376.51548867513200,190.98297664732100,355.7105346233390,277.17492914760700,309.6424220800820,385.65790384624300,352.73839833022500,418.3514031
img6677.png,589.0232336327340,64.66718419000480,504.3173492790050,113.70743302637400,566.7322114343840,176.12229518175400,636.5774143225470,158.28947742307400,251.68576436437300,106.27709229359100,141.7167215191800,161.2616137161870,158.06347113130300,237.05108919057700,395.8343745803690,245.96749806991700,383.94582940791500,204.35758996633000,376.51548867513200,280.1470654407200,293.2956724679590,391.60217643246900,330.4473761318760,419.8374712170460
img6898.png,583.0789610465070,63.18111604344810,502.83128113244800,109.24922858670400,572.6764840206110,176.12229518175400,638.0634824691040,152.34520483684800,184.81269776932300,130.05418263849800,125.36997190705700,173.15015888864100,155.0913348381900,241.50929363024700,375.0294205285750,248.93963436303000,363.1408753561220,202.87152181977400,355.7105346233390,283.1192017338330,285.8653317351760,388.63004013935600,320.0448991,421.3235393636020
img6979.png,584.5650292,67.63932048311810,501.3452129858910,110.73529673326100,572.6764840206110,173.1501588886410,636.5774143225470,158.28947742307400,158.06347113130300,147.88700039717700,117.9396311742740,193.9551129404340,150.63313039852000,245.96749806991700,300.72601320074200,234.07895289746400,333.4195124249890,186.52477220765100,320.0448991,278.6609972941630,308.15635393352600,385.65790384624300,346.79412574399900,415.37926677737600
img7048.png,581.5928928999510,63.18111604344810,502.83128113244800,115.19350117293100,569.7043477274970,174.6362270351970,639.5495506156600,155.31734112996100,162.5216755709730,137.48452337128100,123.88390376050000,185.03870406109400,155.0913348381900,250.4257025095870,320.0448991,231.10681660435000,348.2801938905560,195.44118108699000,340.8498531577720,275.68886100105000,309.6424220800820,384.1718356996860,357.19660276989500,418.3514031
img7075.png,580.1068248,69.12538862967480,502.83128113244800,104.79102414703400,565.2461432878270,170.1780225955270,636.5774143225470,153.83127298340400,187.78483406243700,115.19350117293100,134.2863807863970,155.31734112996100,147.66099410540700,237.05108919057700,389.8901019941420,231.10681660435000,376.51548867513200,193.95511294043400,363.1408753561220,269.74458841482300,309.6424220800820,388.63004013935600,355.7105346233390,416.8653349239320
img7110.png,594.9675062189610,67.63932048311810,507.28948557211800,107.76316044014800,563.7600751412710,167.20588630241400,635.0913461759900,161.26161371618800,189.27090220899300,112.22136487981800,141.7167215191800,149.37306854373400,149.1470622519640,226.64861216468000,380.97369311480200,244.48142992336000,373.54335238201900,201.3854536732170,354.22446647678200,275.688861,306.6702857869690,394.5743127255830,345.3080575974420,421.3235393636020
img7281.png,587.5371654861770,69.12538862967480,507.28948557211800,106.27709229359100,571.1904159,171.66409074208400,639.5495506156600,153.83127298340400,162.5216755709730,149.37306854373400,111.99535858804700,205.8436581,150.63313039852000,257.8560432,306.6702857869690,240.02322548369000,334.90558057154600,199.89938552666000,323.0170353990920,284.60526988039000,321.5309672525360,394.5743127255830,361.65480720956500,428.75388009638600
img7368.png,589.0232336327340,72.09752492278810,505.8034174255610,107.76316044014800,566.7322114343840,174.6362270351970,636.5774143225470,155.31734112996100,159.54953927786000,140.45665966439400,116.45356302771700,190.9829766473200,153.60526669163300,251.91177065614300,373.54335238201900,244.48142992336000,354.22446647678200,195.44118108699000,346.79412574399900,280.1470654407200,320.0448991,390.11610828591300,358.6826709164520,424.2956756567160
img7422.png,586.0510973396210,67.63932048311810,507.28948557211800,109.24922858670400,569.7043477274970,171.66409074208400,642.5216869087740,153.83127298340400,180.35449332965300,130.05418263849800,126.85604005361400,164.2337500093010,153.60526669163300,245.96749806991700,367.5990798,238.53715733713400,354.22446647678200,186.52477220765100,339.36378501121600,274.2027928544930,308.15635393352600,381.19969940657300,348.2801938905560,413.89319863081900
img7579.png,580.1068248,66.15325233656140,505.8034174255610,106.27709229359100,571.1904159,173.1501588886410,636.5774143225470,153.83127298340400,165.49381186408700,138.97059151783700,117.9396311742740,185.03870406109400,152.1191985450770,244.48142992336000,360.16873906300900,244.48142992336000,346.79412574399900,193.95511294043400,331.93344427843200,275.68886100105000,315.58669466630900,388.63004013935600,363.1408753561220,419.8374712170460
img7710.png,584.5650292,67.63932048311810,504.3173492790050,104.79102414703400,571.1904159,173.1501588886410,641.0356187622170,149.37306854373400,161.03560742441700,140.45665966439400,117.9396311742740,183.55263591453700,144.68885781229400,232.59288475090700,297.75387690762900,234.07895289746400,334.90558057154600,189.49690850076400,318.5588309594220,281.6331335872770,321.5309672525360,384.1718356996860,364.6269435026790,424.2956756567160
img8040.png,581.5928928999510,69.12538862967480,507.28948557211800,109.24922858670400,571.1904159,171.66409074208400,635.0913461759900,152.34520483684800,174.41022074342700,134.51238707816700,138.74458522606700,177.60836332831100,152.1191985450770,242.9953617768030,378.0015568216890,244.48142992336000,363.1408753561220,196.92724923354700,360.16873906300900,277.17492914760700,305.18421764041200,387.1439719927990,343.8219894508860,413.89319863081900
img8152.png,583.0789610465070,70.61145678,502.83128113244800,112.22136487981800,572.6764840206110,174.6362270351970,639.5495506156600,147.8870003971780,172.9241526,128.56811449194100,135.77244893295400,165.71981815585700,155.0913348381900,245.96749806991700,372.0572842,241.50929363024700,358.6826709164520,196.92724923354700,363.1408753561220,289.06347432006000,308.15635393352600,393.08824457902600,348.2801938905560,421.3235393636020
img8158.png,584.5650292,67.63932048311810,504.3173492790050,110.73529673326100,562.2740069947140,171.66409074208400,639.5495506156600,149.37306854373400,166.97988001064300,135.99845522472400,119.42569932083000,185.03870406109400,146.17492595885000,242.9953617768030,312.61455837319600,229.62074845779400,343.8219894508860,192.46904479387700,327.4752398387620,274.2027928544930,314.1006265197520,397.5464490186960,349.76626203711200,427.26781194982900
img8221.png,586.0510973396210,66.15325233656140,507.28948557211800,113.70743302637400,566.7322114343840,170.1780225955270,638.0634824691040,153.83127298340400,174.41022074342700,131.54025078505400,125.36997190705700,171.66409074208400,144.68885781229400,240.0232254836900,302.21208134729900,231.10681660435000,337.8777168646590,193.95511294043400,321.5309672525360,278.6609972941630,306.6702857869690,390.1161082859130,346.79412574399900,416.8653349239320
img8243.png,583.0789610465070,69.12538862967480,502.83128113244800,110.73529673326100,562.2740069947140,168.69195444897100,642.5216869087740,152.34520483684800,165.49381186408700,135.99845522472400,116.45356302771700,186.52477220765000,150.63313039852000,245.96749806991700,308.15635393352600,226.6486121646800,340.8498531577720,193.95511294043400,328.96130798531900,275.68886100105000,314.1006265197520,390.1161082859130,355.7105346233390,424.2956756567160
img8331.png,584.5650292,66.15325233656140,504.3173492790050,107.76316044014800,568.2182795809410,168.69195444897100,641.0356187622170,150.85913669029100,164.00774371753000,143.42879595750700,117.9396311742740,198.4133173801040,161.03560742441700,254.8839069492570,302.21208134729900,232.59288475090700,336.39164871810200,193.95511294043400,315.58669466630900,281.6331335872770,315.58669466630900,390.1161082859130,345.3080575974420,416.8653349239320
img8419.png,587.5371654861770,64.66718419000480,501.3452129858910,110.73529673326100,565.2461432878270,168.69195444897100,639.5495506156600,150.85913669029100,189.27090220899300,121.13777375915800,137.25851707951000,149.3730685,147.66099410540700,232.59288475090700,361.65480720956500,234.07895289746400,351.2523301836690,185.03870406109400,337.8777168646590,269.74458841482300,311.1284902266390,391.6021764324690,348.2801938905560,416.8653349239320
img8474.png,586.0510973396210,64.66718419000480,505.8034174255610,103.30495600047800,566.7322114343840,170.1780225955270,636.5774143225470,155.31734112996100,174.41022074342700,134.51238707816700,125.36997190705700,186.52477220765000,158.06347113130300,254.8839069492570,369.08514794234900,240.02322548369000,349.76626203711200,188.01084035420700,348.2801938905560,272.71672470793700,312.61455837319600,393.08824457902600,345.3080575974420,421.3235393636020
img8537.png,583.0789610465070,67.63932048311810,502.83128113244800,107.76316044014800,566.7322114343840,173.1501588886410,639.5495506156600,155.31734112996100,172.9241526,133.02631893161100,123.88390376050000,183.55263591453700,158.06347113130300,263.80031582859700,303.6981494938560,229.62074845779400,334.90558057154600,189.49690850076400,321.5309672525360,281.6331335872770,315.58669466630900,391.6021764324690,348.2801938905560,421.3235393636020
img8594.png,586.0510973396210,69.12538862967480,502.83128113244800,106.27709229359100,566.7322114343840,171.66409074208400,633.6052780294340,152.34520483684800,162.5216755709730,138.97059151783700,113.48142673460400,190.9829766473200,144.68885781229400,245.9674980699170,303.6981494938560,232.59288475090700,337.8777168646590,201.3854536732170,318.5588309594220,280.1470654407200,314.1006265197520,391.6021764324690,342.33592130432900,421.3235393636020
img8709.png,575.6486203,64.66718419000480,504.3173492790050,116.67956931948800,568.2182795809410,173.1501588886410,636.5774143225470,153.83127298340400,171.43808445031300,134.51238707816700,119.42569932083000,188.01084035420700,149.1470622519640,251.91177065614300,302.21208134729900,229.62074845779400,331.93344427843200,192.46904479387700,315.58669466630900,277.1749291476070,315.58669466630900,393.08824457902600,346.79412574399900,418.3514031
img8803.png,580.1068248,66.15325233656140,504.3173492790050,110.73529673326100,566.7322114343840,170.1780225955270,641.0356187622170,153.83127298340400,164.00774371753000,141.94272781095100,113.48142673460400,198.4133173801040,141.7167215191800,235.5650210440200,360.16873906300900,232.59288475090700,351.2523301836690,183.55263591453700,343.8219894508860,268.2585202682670,309.6424220800820,393.08824457902600,342.33592130432900,418.3514031
img8913.png,583.0789610465070,63.18111604344810,501.3452129858910,109.24922858670400,578.6207566068370,177.6083633283110,641.0356187622170,147.8870003971780,181.84056147621000,130.05418263849800,143.20278966573700,179.09443147486700,162.5216755709730,232.59288475090700,397.3204427269250,244.48142992336000,380.97369311480200,196.92724923354700,376.51548867513200,275.688861,311.1284902266390,394.5743127255830,336.39164871810200,422.80960751015900
img8933.png,586.0510973396210,64.66718419000480,501.3452129858910,107.76316044014800,565.2461432878270,170.1780225955270,639.5495506156600,159.77554556963100,166.97988001064300,133.02631893161100,134.2863807863970,174.63622703519700,155.0913348381900,241.50929363024700,392.8622382872550,240.02322548369000,375.0294205285750,193.95511294043400,378.0015568216890,277.17492914760700,299.2399450541860,387.1439719927990,327.4752398387620,416.8653349239320
img9024.png,577.1346884602810,64.66718419000480,502.83128113244800,113.70743302637400,568.2182795809410,174.6362270351970,635.0913461759900,156.80340927651800,156.57740298474700,141.94272781095100,117.9396311742740,190.9829766473200,150.63313039852000,245.96749806991700,364.6269435026790,235.56502104402000,355.7105346233390,185.03870406109400,346.79412574399900,272.71672470793700,293.2956724679590,393.08824457902600,339.36378501121600,421.3235393636020
img9035.png,586.0510973396210,64.66718419000480,505.8034174255610,103.30495600047800,566.7322114343840,174.6362270351970,633.6052780294340,158.28947742307400,192.24303850210700,125.59597819882800,134.2863807863970,158.2894774,153.60526669163300,247.4535662164730,364.6269435026790,235.56502104402000,342.33592130432900,182.0665677679810,330.4473761318760,269.74458841482300,291.8096043214030,393.08824457902600,331.93344427843200,421.3235393636020
img9059.png,589.0232336327340,66.15325233656140,505.8034174255610,104.79102414703400,563.7600751412710,173.1501588886410,638.0634824691040,155.31734112996100,192.24303850210700,128.5681144919410,135.77244893295400,164.2337500093010,159.54953927786000,247.4535662164730,360.16873906300900,228.13468031123700,348.2801938905560,185.03870406109400,336.39164871810200,266.7724521,296.2678087610730,399.03251716525200,331.93344427843200,421.3235393636020
img9071.png,584.5650292,64.66718419000480,504.3173492790050,103.30495600047800,563.7600751412710,168.69195444897100,636.5774143225470,149.37306854373400,184.81269776932300,137.48452337128100,123.88390376050000,177.60836332831000,164.00774371753000,253.3978388,370.5712160889050,237.05108919057700,346.79412574399900,186.52477220765100,342.33592130432900,269.74458841482300,287.35139988173300,403.49072160492200,315.58669466630900,431.72601638949900
img9130.png,583.0789610465070,64.66718419000480,502.83128113244800,109.24922858670400,565.2461432878270,176.12229518175400,638.0634824691040,152.34520483684800,161.03560742441700,140.45665966439400,109.02322229493400,196.92724923354700,146.17492595885000,241.50929363024700,360.16873906300900,245.96749806991700,342.33592130432900,192.46904479387700,330.4473761318760,286.0913380269470,314.1006265197520,397.5464490186960,351.2523301836690,422.8096075
img9160.png,581.5928928999510,66.15325233656140,502.83128113244800,106.27709229359100,568.2182795809410,177.6083633283110,633.6052780294340,158.28947742307400,152.1191985450770,146.4009322506210,110.5092904414900,198.4133173801040,150.63313039852000,251.91177065614300,300.72601320074200,235.56502104402000,331.93344427843200,195.44118108699000,320.0448991,277.1749291476070,314.1006265197520,393.08824457902600,354.22446647678200,424.2956756567160
img9318.png,589.0232336327340,69.12538862967480,502.83128113244800,109.24922858670400,566.7322114343840,171.66409074208400,636.5774143225470,149.37306854373400,172.9241526,140.45665966439400,120.9117675,182.06656776798000,159.54953927786000,256.36997509581300,370.5712160889050,232.59288475090700,349.76626203711200,189.49690850076400,352.73839833022500,274.2027928544930,315.58669466630900,393.08824457902600,349.76626203711200,422.8096075
img9401.png,578.6207566068370,64.66718419000480,502.83128113244800,115.19350117293100,566.7322114343840,167.20588630241400,646.9798913484440,143.42879595750800,192.24303850210700,127.0820463453840,129.82817634672700,161.2616137161870,158.06347113130300,245.96749806991700,355.7105346233390,234.07895289746400,342.33592130432900,185.03870406109400,330.4473761318760,274.2027928544930,317.0727628128660,393.08824457902600,355.7105346233390,421.3235393636020
img9563.png,580.1068248,67.63932048311810,504.3173492790050,106.27709229359100,568.2182795809410,173.1501588886410,636.5774143225470,153.83127298340400,153.60526669163300,146.4009322506210,111.99535858804700,207.32972625944400,147.66099410540700,245.9674980699170,299.2399450541860,235.56502104402000,328.96130798531900,198.41331738010400,312.61455837319600,283.1192017338330,315.58669466630900,391.6021764324690,345.3080575974420,421.3235393636020
img9799.png,578.6207566068370,63.181116043448100,496.8870085462210,107.76316044014800,571.1904159,168.69195444897100,633.6052780294340,149.37306854373400,158.06347113130300,143.42879595750700,120.9117675,204.3575899663300,155.0913348381900,248.93963436303000,302.21208134729900,225.16254401812400,333.4195124249890,192.46904479387700,320.0448991,278.6609972941630,309.6424220800820,393.08824457902600,348.2801938905560,418.3514031
img9801.png,578.6207566068370,64.66718419000480,504.3173492790050,107.76316044014800,566.7322114343840,170.1780225955270,639.5495506156600,152.34520483684800,189.27090220899300,127.0820463453840,122.39783561394400,185.03870406109400,153.60526669163300,251.91177065614300,355.7105346233390,250.4257025095870,343.8219894508860,193.95511294043400,323.0170353990920,286.0913380269470,315.58669466630900,390.1161082859130,360.16873906300900,424.2956756567160
img0067.png,583.0789610465070,64.66718419000480,498.3730766927780,109.24922858670400,566.7322114343840,171.66409074208400,639.5495506156600,150.85913669029100,166.97988001064300,140.45665966439400,120.9117675,196.92724923354700,149.1470622519640,245.96749806991700,296.2678087610730,231.10681660435000,333.4195124249890,190.98297664732100,317.0727628128660,277.1749291476070,311.1284902266390,388.63004013935600,345.3080575974420,415.37926677737600
img0107.png,580.1068248,66.15325233656140,501.3452129858910,109.24922858670400,565.2461432878270,174.6362270351970,639.5495506156600,159.77554556963100,168.46594815720000,133.02631893161100,126.85604005361400,180.58049962142400,150.63313039852000,244.48142992336000,311.1284902266390,231.10681660435000,342.33592130432900,193.95511294043400,323.0170353990920,281.6331335872770,309.6424220800820,385.65790384624300,346.79412574399900,412.4071304842620
img0130.png,580.1068248,66.15325233656140,505.8034174255610,107.76316044014800,566.7322114343840,171.66409074208400,636.5774143225470,156.80340927651800,169.9520163037570,131.54025078505400,129.82817634672700,183.55263591453700,150.63313039852000,242.9953617768030,363.1408753561220,244.48142992336000,358.6826709164520,193.95511294043400,334.90558057154600,289.06347432006000,312.61455837319600,388.63004013935600,354.22446647678200,416.8653349239320
img0183.png,584.5650292,61.69504789689150,505.8034174255610,112.22136487981800,577.1346884602810,174.6362270351970,630.6331417363200,158.28947742307400,171.43808445031300,131.54025078505400,125.36997190705700,185.03870406109400,153.60526669163300,250.4257025095870,361.65480720956500,244.48142992336000,349.76626203711200,199.89938552666000,330.4473761318760,284.60526988039000,314.1006265197520,382.68576755312900,348.2801938905560,416.8653349239320
img0210.png,584.5650292,67.63932048311810,505.8034174255610,109.24922858670400,571.1904159,171.66409074208400,632.1192098828770,152.34520483684800,177.38235703654000,137.48452337128100,120.9117675,177.60836332831000,155.0913348381900,254.8839069492570,361.65480720956500,241.50929363024700,346.79412574399900,193.95511294043400,333.4195124249890,281.6331335872770,318.5588309594220,388.63004013935600,354.22446647678200,416.8653349239320
img0267.png,583.0789610465070,66.15325233656140,498.3730766927780,110.73529673326100,565.2461432878270,170.1780225955270,635.0913461759900,155.31734112996100,192.24303850210700,112.22136487981800,147.66099410540700,135.99845522472400,152.1191985450770,234.07895289746300,370.5712160889050,234.07895289746400,361.65480720956500,189.49690850076400,345.3080575974420,266.7724521,305.18421764041200,391.6021764324690,339.36378501121600,418.3514031
img0311.png,578.6207566068370,64.66718419000480,499.8591448393350,107.76316044014800,568.2182795809410,173.1501588886410,639.5495506156600,152.34520483684800,192.24303850210700,119.6517056126010,137.25851707951000,164.2337500093010,150.63313039852000,235.5650210440200,354.22446647678200,226.6486121646800,376.51548867513200,190.98297664732100,366.1130116492350,269.74458841482300,303.6981494938560,388.63004013935600,340.8498531577720,415.37926677737600
img0347.png,578.6207566068370,67.63932048311810,499.8591448393350,115.19350117293100,565.2461432878270,173.1501588886410,639.5495506156600,153.83127298340400,186.2987659158800,121.13777375915800,146.17492595885000,155.31734112996100,155.0913348381900,237.05108919057700,370.5712160889050,235.56502104402000,378.00155682168900,190.98297664732100,363.1408753561220,269.74458841482300,302.21208134729900,391.6021764324690,337.8777168646590,418.3514031
img0373.png,581.5928928999510,63.18111604344810,502.83128113244800,110.73529673326100,559.3018707016010,170.1780225955270,644.0077550553300,152.34520483684800,162.5216755709730,141.94272781095100,117.9396311742740,182.06656776798000,156.57740298474700,253.3978388,376.51548867513200,231.10681660435000,358.6826709164520,186.52477220765100,354.22446647678200,266.77245212171000,309.6424220800820,394.5743127255830,337.8777168646590,416.8653349239320
img0519.png,581.5928928999510,64.66718419000480,499.8591448393350,109.24922858670400,562.2740069947140,168.69195444897100,636.5774143225470,158.28947742307400,174.41022074342700,133.02631893161100,128.3421082001700,171.66409074208400,155.0913348381900,248.93963436303000,360.16873906300900,245.96749806991700,343.8219894508860,193.95511294043400,331.93344427843200,278.6609972941630,306.6702857869690,390.1161082859130,360.16873906300900,430.23994824294200
img0539.png,584.5650292,64.66718419000480,507.28948557211800,103.30495600047800,571.1904159,170.1780225955270,638.0634824691040,155.31734112996100,363.1408753561220,232.59288475090700,351.2523301836690,186.52477220765100,343.8219894508860,266.7724521,156.57740298474700,138.97059151783700,113.48142673460400,188.01084035420700,147.66099410540700,240.0232254836900,302.21208134729900,385.65790384624300,330.4473761318760,413.89319863081900
img0564.png,586.0510973396210,64.66718419000480,507.28948557211800,112.22136487981800,566.7322114343840,174.6362270351970,636.5774143225470,150.85913669029100,159.54953927786000,140.45665966439400,113.48142673460400,196.92724923354700,153.60526669163300,254.8839069492570,372.0572842,244.48142992336000,349.76626203711200,195.44118108699000,346.79412574399900,284.6052698803900,308.15635393352600,397.5464490186960,354.22446647678200,437.67028897572600
img0568.png,581.5928928999510,69.12538862967480,502.83128113244800,116.67956931948800,563.7600751412710,174.6362270351970,636.5774143225470,155.31734112996100,184.81269776932300,119.6517056126010,132.80031263984000,152.34520483684700,155.0913348381900,245.96749806991700,360.16873906300900,250.4257025095870,343.8219894508860,201.3854536732170,330.4473761318760,286.0913380269470,305.18421764041200,394.5743127255830,337.8777168646590,428.75388009638600
img0754.png,580.1068248,64.66718419000480,501.3452129858910,106.27709229359100,574.1625521671670,174.6362270351970,635.0913461759900,150.85913669029100,152.1191985450770,152.34520483684700,114.96749488116000,202.87152181977400,150.63313039852000,250.4257025095870,342.33592130432900,253.3978388027000,334.90558057154600,196.92724923354700,360.16873906300900,302.4380876390700,312.61455837319600,388.63004013935600,339.36378501121600,415.37926677737600
img0954.png,581.5928928999510,64.66718419000480,504.3173492790050,106.27709229359100,566.7322114343840,176.12229518175400,638.0634824691040,150.85913669029100,181.84056147621000,125.59597819882800,129.82817634672700,177.60836332831000,155.0913348381900,242.9953617768030,388.40403384758500,238.53715733713400,375.0294205285750,193.95511294043400,372.0572842,271.2306566,306.6702857869690,387.1439719927990,346.79412574399900,422.8096075
img0966.png,581.5928928999510,64.66718419000480,504.3173492790050,115.19350117293100,565.2461432878270,177.6083633283110,636.5774143225470,152.34520483684800,177.38235703654000,128.56811449194100,123.88390376050000,180.58049962142400,150.63313039852000,247.4535662164730,372.0572842,238.53715733713400,355.7105346233390,186.52477220765100,354.22446647678200,274.2027928544930,303.6981494938560,390.1161082859130,351.2523301836690,418.3514031
img0987.png,583.0789610465070,63.18111604344810,501.3452129858910,109.24922858670400,574.1625521671670,177.6083633283110,638.0634824691040,147.8870003971780,172.9241526,133.02631893161100,116.45356302771700,183.55263591453700,153.60526669163300,254.8839069492570,305.18421764041200,234.07895289746400,340.8498531577720,196.92724923354700,327.4752398387620,275.68886100105000,314.10062651975200,388.63004013935600,352.73839833022500,415.37926677737600
img1029.png,584.5650292,66.15325233656140,502.83128113244800,110.73529673326100,572.6764840206110,176.12229518175400,635.0913461759900,156.80340927651800,147.66099410540700,144.91486410406400,117.9396311742740,189.49690850076400,146.17492595885000,253.3978388,300.72601320074200,231.10681660435000,331.93344427843200,195.44118108699000,340.8498531577720,253.3978388027000,311.1284902266390,385.65790384624300,339.36378501121600,416.8653349239320
img1166.png,581.5928928999510,67.63932048311810,502.83128113244800,109.24922858670400,566.7322114343840,170.1780225955270,633.6052780294340,156.80340927651800,181.84056147621000,128.56811449194100,132.80031263984000,158.28947742307400,149.1470622519640,242.9953617768030,355.7105346233390,232.59288475090700,346.79412574399900,185.03870406109400,328.96130798531900,265.28638397515300,299.2399450541860,394.5743127255830,333.4195124249890,425.7817438032720
img1223.png,586.0510973396210,61.69504789689150,499.8591448393350,106.27709229359100,562.2740069947140,170.1780225955270,636.5774143225470,152.34520483684800,164.00774371753000,131.54025078505400,125.36997190705700,167.2058863024140,143.20278966573700,242.9953617768030,355.7105346233390,235.56502104402000,340.8498531577720,190.98297664732100,327.4752398387620,275.68886100105000,293.29567246795900,387.1439719927990,337.8777168646590,415.37926677737600
img1272.png,587.5371654861770,60.20897975033480,502.83128113244800,110.73529673326100,571.1904159,176.12229518175400,641.0356187622170,153.83127298340400,171.43808445031300,135.99845522472400,122.39783561394400,170.17802259552700,149.1470622519640,250.4257025095870,355.7105346233390,241.50929363024700,340.8498531577720,195.44118108699000,323.0170353990920,284.60526988039000,308.15635393352600,393.08824457902600,342.33592130432900,419.8374712170460
img1460.png,580.1068248,66.15325233656140,504.3173492790050,104.79102414703400,563.7600751412710,173.1501588886410,636.5774143225470,149.37306854373400,161.03560742441700,140.45665966439400,119.42569932083000,190.9829766473200,153.60526669163300,251.91177065614300,293.2956724679590,232.59288475090700,327.4752398387620,195.44118108699000,308.15635393352600,283.1192017338330,306.6702857869690,394.5743127255830,337.8777168646590,421.3235393636020
img1494.png,577.1346884602810,64.66718419000480,504.3173492790050,115.19350117293100,568.2182795809410,171.66409074208400,638.0634824691040,153.83127298340400,152.1191985450770,155.31734112996100,109.02322229493400,214.76006699222700,149.1470622519640,248.93963436303000,297.75387690762900,229.62074845779400,330.4473761318760,193.95511294043400,312.61455837319600,281.6331335872770,302.21208134729900,387.1439719927990,345.3080575974420,419.8374712170460
img1638.png,580.1068248,64.66718419000480,505.8034174255610,112.22136487981800,571.1904159,173.1501588886410,635.0913461759900,155.31734112996100,169.9520163037570,143.42879595750700,119.42569932083000,205.8436581,146.17492595885000,245.9674980699170,290.32353617484600,234.07895289746400,325.9891716922060,193.95511294043400,305.18421764041200,278.6609972941630,311.1284902266390,390.1161082859130,342.33592130432900,416.8653349239320
img1661.png,580.1068248,63.18111604344810,499.8591448393350,113.70743302637400,565.2461432878270,170.1780225955270,636.5774143225470,155.31734112996100,161.03560742441700,146.4009322506210,113.48142673460400,211.7879306991140,147.66099410540700,247.4535662164730,296.2678087610730,232.59288475090700,333.4195124249890,192.46904479387700,315.58669466630900,277.1749291476070,308.15635393352600,390.1161082859130,342.33592130432900,418.3514031
img1689.png,584.5650292,66.15325233656140,498.3730766927780,110.73529673326100,568.2182795809410,173.1501588886410,638.0634824691040,159.77554556963100,183.3266296227670,133.02631893161100,117.9396311742740,190.9829766473200,161.03560742441700,248.93963436303000,290.32353617484600,231.10681660435000,333.4195124249890,188.01084035420700,308.15635393352600,284.60526988039000,312.61455837319600,394.5743127255830,349.76626203711200,422.8096075
img1708.png,575.6486203,66.15325233656140,502.83128113244800,121.13777375915800,566.7322114343840,168.69195444897100,630.6331417363200,149.37306854373400,165.49381186408700,140.45665966439400,117.9396311742740,204.3575899663300,149.1470622519640,247.4535662164730,300.72601320074200,232.59288475090700,336.39164871810200,192.46904479387700,312.61455837319600,281.6331335872770,306.6702857869690,391.6021764324690,342.33592130432900,419.8374712170460
img1964.png,580.1068248,61.69504789689150,504.3173492790050,107.76316044014800,571.1904159,173.1501588886410,635.0913461759900,149.37306854373400,166.97988001064300,143.42879595750700,116.45356302771700,213.27399884567000,149.1470622519640,248.93963436303000,290.32353617484600,231.10681660435000,327.4752398387620,190.98297664732100,354.22446647678200,292.03561061317300,300.72601320074200,388.63004013935600,358.6826709164520,422.8096075
img2131.png,578.6207566068370,67.63932048311810,501.3452129858910,104.79102414703400,569.7043477274970,173.1501588886410,629.1470735897640,150.85913669029100,141.7167215191800,155.31734112996100,113.48142673460400,219.21827143189700,153.60526669163300,254.8839069492570,293.2956724679590,229.62074845779400,325.9891716922060,190.98297664732100,352.73839833022500,299.46595134595600,305.18421764041200,390.1161082859130,340.8498531577720,412.4071304842620
img2160.png,578.6207566068370,64.66718419000480,504.3173492790050,106.27709229359100,578.6207566068370,168.69195444897100,633.6052780294340,138.97059151783800,153.60526669163300,149.37306854373400,114.96749488116000,223.67647587156700,149.1470622519640,245.96749806991700,287.35139988173300,231.10681660435000,321.5309672525360,195.44118108699000,349.76626203711200,299.46595134595600,305.18421764041200,384.1718356996860,340.8498531577720,418.3514031
img2248.png,583.0789610465070,63.18111604344810,499.8591448393350,110.73529673326100,572.6764840206110,173.1501588886410,633.6052780294340,143.42879595750800,141.7167215191800,156.8034092765170,110.5092904414900,217.73220328534000,146.17492595885000,244.48142992336000,291.8096043214030,231.10681660435000,328.96130798531900,195.44118108699000,306.6702857869690,284.60526988039000,317.0727628128660,391.6021764324690,351.2523301836690,422.8096075
img2507.png,580.1068248,67.63932048311810,498.3730766927780,110.73529673326100,565.2461432878270,171.66409074208400,632.1192098828770,146.40093225062100,141.7167215191800,155.31734112996100,117.9396311742740,219.21827143189700,147.66099410540700,250.4257025095870,342.33592130432900,248.9396343630300,328.96130798531900,193.95511294043400,357.19660276989500,311.35449651841000,306.6702857869690,393.08824457902600,349.76626203711200,422.8096075
img2537.png,574.1625521671670,64.66718419000480,507.28948557211800,109.24922858670400,569.7043477274970,170.1780225955270,638.0634824691040,149.37306854373400,156.57740298474700,147.88700039717700,113.48142673460400,213.27399884567000,149.1470622519640,250.4257025095870,294.78174061451600,237.05108919057700,328.96130798531900,190.98297664732100,311.1284902266390,284.60526988039000,315.58669466630900,394.5743127255830,360.16873906300900,421.3235393636020
img2556.png,583.0789610465070,64.66718419000480,502.83128113244800,115.19350117293100,563.7600751412710,168.69195444897100,636.5774143225470,159.77554556963100,158.06347113130300,147.88700039717700,109.02322229493400,210.30186255255700,143.20278966573700,245.9674980699170,339.36378501121600,245.96749806991700,328.96130798531900,196.92724923354700,324.50310354564900,311.3544965184100,315.58669466630900,397.5464490186960,349.76626203711200,421.3235393636020
img2599.png,580.1068248,66.15325233656140,502.83128113244800,112.22136487981800,563.7600751412710,170.1780225955270,632.1192098828770,156.80340927651800,138.74458522606700,153.831273,117.9396311742740,214.76006699222700,149.1470622519640,245.96749806991700,291.8096043214030,232.59288475090700,328.96130798531900,195.44118108699000,311.1284902266390,280.1470654407200,305.18421764041200,390.1161082859130,342.33592130432900,415.37926677737600
img2754.png,578.6207566068370,67.63932048311810,505.8034174255610,110.73529673326100,571.1904159,176.12229518175400,633.6052780294340,146.40093225062100,138.74458522606700,161.2616137161870,114.96749488116000,219.21827143189700,140.23065337262400,244.48142992336000,297.75387690762900,231.10681660435000,327.4752398387620,199.89938552666000,360.16873906300900,300.95201949251300,317.0727628128660,393.08824457902600,351.2523301836690,418.3514031
img2762.png,578.6207566068370,66.15325233656140,505.8034174255610,107.76316044014800,568.2182795809410,170.1780225955270,638.0634824691040,146.40093225062100,172.9241526,140.45665966439400,110.5092904414900,202.87152181977400,146.17492595885000,247.4535662164730,290.32353617484600,231.10681660435000,327.4752398387620,192.46904479387700,312.61455837319600,278.6609972941630,312.61455837319600,394.5743127255830,352.73839833022500,424.2956756567160
img2771.png,577.1346884602810,67.63932048311810,498.3730766927780,112.22136487981800,562.2740069947140,171.66409074208400,635.0913461759900,155.31734112996100,153.60526669163300,150.8591366902910,111.99535858804700,208.8157944060000,143.20278966573700,240.0232254836900,291.8096043214030,234.07895289746400,325.9891716922060,196.92724923354700,312.61455837319600,281.6331335872770,315.58669466630900,402.0046534583660,352.73839833022500,421.3235393636020
img2822.png,581.5928928999510,64.66718419000480,499.8591448393350,110.73529673326100,569.7043477274970,173.1501588886410,632.1192098828770,149.37306854373400,165.49381186408700,141.94272781095100,111.99535858804700,211.7879306991140,153.60526669163300,247.4535662164730,300.72601320074200,234.07895289746400,327.4752398387620,196.92724923354700,315.58669466630900,280.1470654407200,315.58669466630900,394.5743127255830,354.22446647678200,421.3235393636020
img2835.png,580.1068248,67.63932048311810,502.83128113244800,107.76316044014800,571.1904159,168.69195444897100,635.0913461759900,152.34520483684800,177.38235703654000,134.51238707816700,114.96749488116000,216.2461351387840,161.03560742441700,262.31424768204000,300.72601320074200,234.07895289746400,327.4752398387620,193.95511294043400,315.58669466630900,284.60526988039000,314.1006265197520,396.06038087213900,357.19660276989500,427.26781194982900
img2859.png,578.6207566068370,67.63932048311810,505.8034174255610,112.22136487981800,560.7879388481570,170.1780225955270,636.5774143225470,158.28947742307400,166.97988001064300,143.42879595750700,116.45356302771700,202.87152181977400,150.63313039852000,251.91177065614300,291.8096043214030,232.59288475090700,330.4473761318760,190.98297664732100,308.15635393352600,278.6609972941630,303.6981494938560,388.63004013935600,352.73839833022500,425.7817438032720
img2890.png,578.6207566068370,66.15325233656140,501.3452129858910,113.70743302637400,566.7322114343840,174.6362270351970,638.0634824691040,153.83127298340400,155.0913348381900,147.88700039717700,116.45356302771700,204.3575899663300,152.1191985450770,254.8839069492570,333.41951242498900,245.96749806991700,333.4195124249890,204.3575899663300,355.7105346233390,299.46595134595600,308.15635393352600,391.6021764324690,343.8219894508860,415.37926677737600
img3023.png,581.5928928999510,66.15325233656140,501.3452129858910,106.27709229359100,572.6764840206110,173.1501588886410,633.6052780294340,146.40093225062100,159.54953927786000,143.42879595750700,120.9117675,204.3575899663300,150.63313039852000,253.3978388,293.2956724679590,231.10681660435000,328.96130798531900,193.95511294043400,317.0727628128660,275.68886100105000,306.6702857869690,393.08824457902600,339.36378501121600,412.4071304842620
img3056.png,583.0789610465070,66.15325233656140,501.3452129858910,112.22136487981800,568.2182795809410,173.1501588886410,639.5495506156600,152.34520483684800,165.49381186408700,137.48452337128100,122.39783561394400,188.01084035420700,155.0913348381900,248.93963436303000,363.1408753561220,238.53715733713400,343.8219894508860,190.98297664732100,343.8219894508860,277.17492914760700,312.61455837319600,399.03251716525200,345.3080575974420,425.7817438032720
img3107.png,575.6486203,64.66718419000480,507.28948557211800,112.22136487981800,575.6486203,173.1501588886410,638.0634824691040,137.4845234,180.35449332965300,127.0820463453840,134.2863807863970,162.74768186274400,152.1191985450770,244.48142992336000,379.4876249682450,240.02322548369000,364.6269435026790,192.46904479387700,355.7105346233390,272.71672470793700,300.72601320074200,393.08824457902600,345.3080575974420,424.2956756567160
img3160.png,580.1068248,72.09752492278810,505.8034174255610,113.70743302637400,569.7043477274970,171.66409074208400,632.1192098828770,156.80340927651800,161.03560742441700,147.88700039717700,120.9117675,202.87152181977400,150.63313039852000,242.9953617768030,380.97369311480200,240.02322548369000,364.6269435026790,196.92724923354700,363.1408753561220,274.2027928544930,306.6702857869690,391.6021764324690,343.8219894508860,419.8374712170460
img3217.png,575.6486203,67.63932048311810,498.3730766927780,119.65170561260100,571.1904159,171.66409074208400,636.5774143225470,146.40093225062100,168.46594815720000,133.02631893161100,122.39783561394400,170.17802259552700,150.63313039852000,244.48142992336000,358.6826709164520,242.99536177680400,339.36378501121600,190.98297664732100,330.4473761318760,272.71672470793700,293.2956724679590,396.06038087213900,336.39164871810200,421.3235393636020
img3252.png,577.1346884602810,66.15325233656140,504.3173492790050,112.22136487981800,571.1904159,168.69195444897100,633.6052780294340,149.37306854373400,166.97988001064300,134.51238707816700,120.9117675,190.9829766473200,155.0913348381900,251.91177065614300,351.2523301836690,242.99536177680400,337.8777168646590,193.95511294043400,325.9891716922060,275.68886100105000,306.6702857869690,390.1161082859130,343.8219894508860,422.80960751015900
img3316.png,575.6486203,63.181116043448100,505.8034174255610,115.19350117293100,566.7322114343840,173.1501588886410,638.0634824691040,159.77554556963100,161.03560742441700,147.88700039717700,113.48142673460400,205.8436581,161.03560742441700,260.8281795354830,357.19660276989500,241.50929363024700,340.8498531577720,201.3854536732170,333.4195124249890,283.1192017338330,309.6424220800820,399.03251716525200,339.36378501121600,421.3235393636020
img3403.png,577.1346884602810,69.12538862967480,501.3452129858910,121.13777375915800,566.7322114343840,171.66409074208400,636.5774143225470,150.85913669029100,168.46594815720000,128.56811449194100,138.74458522606700,161.2616137161870,144.68885781229400,241.50929363024700,311.1284902266390,228.13468031123700,337.8777168646590,189.49690850076400,331.93344427843200,281.6331335872770,306.6702857869690,388.63004013935600,342.33592130432900,421.3235393636020
img3497.png,581.5928928999510,66.15325233656140,504.3173492790050,107.76316044014800,566.7322114343840,167.20588630241400,633.6052780294340,152.34520483684800,164.00774371753000,137.48452337128100,114.96749488116000,201.3854537,150.63313039852000,257.8560432,300.72601320074200,235.56502104402000,336.39164871810200,196.92724923354700,317.0727628128660,280.1470654407200,320.0448991,396.06038087213900,354.22446647678200,422.8096075
img3522.png,571.1904159,66.15325233656140,504.3173492790050,119.65170561260100,571.1904159,171.66409074208400,635.0913461759900,143.42879595750800,159.54953927786000,143.42879595750700,111.99535858804700,207.32972625944400,147.66099410540700,253.3978388,296.2678087610730,235.56502104402000,330.4473761318760,192.46904479387700,317.0727628128660,284.60526988039000,315.58669466630900,390.1161082859130,345.3080575974420,424.2956756567160
img3789.png,569.7043477274970,67.63932048311810,504.3173492790050,110.73529673326100,565.2461432878270,171.66409074208400,636.5774143225470,138.97059151783800,143.20278966573700,155.31734112996100,109.02322229493400,210.30186255255700,144.68885781229400,248.93963436303000,293.2956724679590,232.59288475090700,328.96130798531900,195.44118108699000,315.58669466630900,280.1470654407200,312.61455837319600,393.08824457902600,346.79412574399900,421.3235393636020
img3796.png,577.1346884602810,64.66718419000480,502.83128113244800,113.70743302637400,560.7879388481570,167.20588630241400,638.0634824691040,150.85913669029100,153.60526669163300,152.34520483684700,111.99535858804700,208.8157944060000,150.63313039852000,247.4535662164730,293.2956724679590,235.56502104402000,327.4752398387620,190.98297664732100,311.1284902266390,278.6609972941630,314.1006265197520,391.6021764324690,351.2523301836690,421.3235393636020
img3819.png,578.6207566068370,66.15325233656140,510.26162186523100,116.67956931948800,566.7322114343840,171.66409074208400,630.6331417363200,150.85913669029100,149.1470622519640,149.37306854373400,113.48142673460400,208.8157944060000,138.74458522606700,247.4535662164730,291.8096043214030,235.56502104402000,328.96130798531900,195.44118108699000,318.5588309594220,283.1192017338330,318.5588309594220,387.1439719927990,355.7105346233390,424.2956756567160
img3907.png,583.0789610465070,67.63932048311810,501.3452129858910,115.19350117293100,568.2182795809410,167.20588630241400,627.6610054,155.31734112996100,149.1470622519640,150.8591366902910,110.5092904414900,210.30186255255700,141.7167215191800,244.48142992336000,294.78174061451600,231.10681660435000,327.4752398387620,193.95511294043400,355.7105346233390,297.9798831994000,311.1284902266390,393.08824457902600,358.6826709164520,421.3235393636020
img3937.png,584.5650292,64.66718419000480,508.7755537186750,113.70743302637400,568.2182795809410,171.66409074208400,641.0356187622170,158.28947742307400,168.46594815720000,150.8591366902910,111.99535858804700,208.8157944060000,149.1470622519640,248.93963436303000,296.2678087610730,234.07895289746400,331.93344427843200,190.98297664732100,311.1284902266390,283.1192017338330,311.1284902266390,388.63004013935600,340.8498531577720,413.89319863081900
img3967.png,583.0789610465070,67.63932048311810,507.28948557211800,104.79102414703400,571.1904159,167.20588630241400,630.6331417363200,152.34520483684800,161.03560742441700,143.42879595750700,113.48142673460400,199.89938552666000,155.0913348381900,257.8560432,294.78174061451600,232.59288475090700,328.96130798531900,195.44118108699000,314.1006265197520,281.6331335872770,302.21208134729900,387.1439719927990,342.33592130432900,415.37926677737600
img4280.png,587.5371654861770,67.63932048311810,505.8034174255610,113.70743302637400,569.7043477274970,167.20588630241400,635.0913461759900,153.83127298340400,156.57740298474700,152.34520483684700,116.45356302771700,207.32972625944400,150.63313039852000,254.8839069492570,290.32353617484600,228.13468031123700,330.4473761318760,188.01084035420700,309.6424220800820,277.1749291476070,308.15635393352600,388.63004013935600,339.36378501121600,412.4071304842620
img4338.png,581.5928928999510,67.63932048311810,501.3452129858910,113.70743302637400,569.7043477274970,170.1780225955270,638.0634824691040,155.31734112996100,156.57740298474700,147.88700039717700,109.02322229493400,199.89938552666000,146.17492595885000,242.9953617768030,297.75387690762900,232.59288475090700,336.39164871810200,190.98297664732100,324.50310354564900,278.6609972941630,312.61455837319600,397.5464490186960,345.3080575974420,422.8096075
img4369.png,580.1068248,66.15325233656140,504.3173492790050,109.24922858670400,566.7322114343840,168.69195444897100,635.0913461759900,156.80340927651800,152.1191985450770,147.88700039717700,116.45356302771700,205.8436581,146.17492595885000,250.4257025095870,302.21208134729900,229.62074845779400,333.4195124249890,193.95511294043400,320.0448991,277.1749291476070,311.1284902266390,390.1161082859130,351.2523301836690,415.37926677737600
img4450.png,584.5650292,63.18111604344810,504.3173492790050,110.73529673326100,563.7600751412710,171.66409074208400,633.6052780294340,159.77554556963100,147.66099410540700,155.31734112996100,114.96749488116000,213.27399884567000,150.63313039852000,250.4257025095870,302.21208134729900,232.59288475090700,331.93344427843200,198.41331738010400,318.5588309594220,275.68886100105000,306.6702857869690,385.65790384624300,337.8777168646590,415.37926677737600
img4594.png,584.5650292,67.63932048311810,505.8034174255610,106.27709229359100,563.7600751412710,168.69195444897100,638.0634824691040,156.80340927651800,164.00774371753000,146.4009322506210,128.3421082001700,188.01084035420700,150.63313039852000,238.53715733713300,352.73839833022500,231.10681660435000,330.4473761318760,193.95511294043400,352.73839833022500,292.03561061317300,293.2956724679590,387.1439719927990,327.4752398387620,416.8653349239320
img4652.png,584.5650292,63.18111604344810,507.28948557211800,104.79102414703400,566.7322114343840,170.1780225955270,633.6052780294340,153.83127298340400,161.03560742441700,143.42879595750700,122.39783561394400,201.3854537,146.17492595885000,235.5650210440200,380.97369311480200,235.56502104402000,367.5990798,188.01084035420700,366.1130116492350,271.2306566,299.2399450541860,387.1439719927990,331.93344427843200,419.8374712170460
img4714.png,581.5928928999510,67.63932048311810,504.3173492790050,107.76316044014800,565.2461432878270,170.1780225955270,638.0634824691040,153.83127298340400,164.00774371753000,138.97059151783700,125.36997190705700,189.49690850076400,140.23065337262400,232.59288475090700,386.91796570102900,237.05108919057700,372.0572842,196.92724923354700,369.08514794234900,269.74458841482300,293.2956724679590,387.1439719927990,331.93344427843200,416.8653349239320
img5023.png,578.6207566068370,66.15325233656140,504.3173492790050,109.24922858670400,565.2461432878270,164.23375000930100,635.0913461759900,150.85913669029100,147.66099410540700,144.91486410406400,114.96749488116000,199.89938552666000,147.66099410540700,247.4535662164730,297.75387690762900,232.59288475090700,333.4195124249890,195.44118108699000,317.0727628128660,281.6331335872770,320.0448991,396.06038087213900,348.2801938905560,422.8096075
img5046.png,580.1068248,61.69504789689150,504.3173492790050,107.76316044014800,566.7322114343840,165.71981815585700,633.6052780294340,152.34520483684800,181.84056147621000,131.54025078505400,125.36997190705700,189.49690850076400,150.63313039852000,253.3978388,299.2399450541860,231.10681660435000,331.93344427843200,195.44118108699000,318.5588309594220,277.1749291476070,314.1006265197520,391.6021764324690,343.8219894508860,418.3514031
img5083.png,580.1068248,63.18111604344810,504.3173492790050,109.24922858670400,562.2740069947140,170.1780225955270,633.6052780294340,152.34520483684800,166.97988001064300,143.42879595750700,113.48142673460400,201.3854537,147.66099410540700,253.3978388,296.2678087610730,232.59288475090700,333.4195124249890,196.92724923354700,317.0727628128660,280.1470654407200,318.5588309594220,393.08824457902600,348.2801938905560,418.3514031
img5212.png,583.0789610465070,69.12538862967480,505.8034174255610,110.73529673326100,565.2461432878270,170.1780225955270,636.5774143225470,156.80340927651800,150.63313039852000,150.8591366902910,111.99535858804700,210.30186255255700,146.17492595885000,247.4535662164730,291.8096043214030,235.56502104402000,327.4752398387620,193.95511294043400,318.5588309594220,277.1749291476070,312.61455837319600,390.1161082859130,348.2801938905560,418.3514031
img5402.png,580.1068248,66.15325233656140,502.83128113244800,109.24922858670400,566.7322114343840,164.23375000930100,636.5774143225470,149.37306854373400,152.1191985450770,144.9148641,116.45356302771700,208.8157944060000,155.0913348381900,259.34211138892700,287.35139988173300,231.10681660435000,328.96130798531900,195.44118108699000,308.15635393352600,280.1470654407200,314.1006265197520,388.63004013935600,346.79412574399900,415.37926677737600
img5538.png,581.5928928999510,66.15325233656140,502.83128113244800,109.24922858670400,566.7322114343840,168.69195444897100,632.1192098828770,150.85913669029100,169.9520163037570,141.94272781095100,113.48142673460400,207.32972625944400,150.63313039852000,251.91177065614300,363.1408753561220,240.02322548369000,346.79412574399900,192.46904479387700,334.90558057154600,274.2027928544930,325.9891716922060,397.5464490186960,355.7105346233390,430.23994824294200
img5569.png,583.0789610465070,69.12538862967480,510.26162186523100,119.65170561260100,566.7322114343840,165.71981815585700,630.6331417363200,138.97059151783800,178.86842518309700,122.62384190571400,125.36997190705700,161.2616137161870,144.68885781229400,238.53715733713300,354.22446647678200,223.6764759,339.36378501121600,170.1780225955270,342.33592130432900,293.52167875973000,269.5185821230530,375.2554268203460,300.72601320074200,422.80960751015900
img5648.png,575.6486203,61.69504789689150,505.8034174255610,112.22136487981800,569.7043477274970,156.80340927651800,635.0913461759900,140.4566596643940,117.9396311742740,192.46904479387700,106.05108600182000,241.50929363024700,132.80031263984000,266.77245212171000,352.73839833022500,222.1904077250100,331.93344427843200,167.2058863,373.54335238201900,271.2306566,177.38235703654000,311.35449651841000,208.58978811423000,338.1037231564300
img5650.png,569.7043477274970,64.66718419000480,502.83128113244800,113.70743302637400,569.7043477274970,161.26161371618700,633.6052780294340,144.9148641040640,120.9117675,193.9551129404340,101.59288156215000,231.10681660435000,123.88390376050000,274.2027928544930,351.2523301836690,222.1904077250100,327.4752398387620,170.1780225955270,328.96130798531900,253.3978388027000,168.46594815720000,329.1873142770900,189.27090220899300,345.53406388921300
img5692.png,580.1068248,64.66718419000480,502.83128113244800,107.76316044014800,568.2182795809410,167.20588630241400,632.1192098828770,147.8870003971780,159.54953927786000,141.94272781095100,116.45356302771700,189.49690850076400,147.66099410540700,247.4535662164730,360.16873906300900,232.59288475090700,340.8498531577720,179.09443147486700,345.3080575974420,300.9520194925130,248.71362807125900,396.06038087213900,275.4628547092790,437.67028897572600
img5701.png,580.1068248,63.18111604344810,501.3452129858910,106.27709229359100,565.2461432878270,165.71981815585700,635.0913461759900,147.8870003971780,155.0913348381900,141.94272781095100,119.42569932083000,183.55263591453700,153.60526669163300,262.31424768204000,343.8219894508860,235.56502104402000,331.93344427843200,192.46904479387700,323.0170353990920,268.25852026826700,293.2956724679590,387.1439719927990,325.9891716922060,421.3235393636020
img5782.png,577.1346884602810,66.15325233656140,505.8034174255610,112.22136487981800,569.7043477274970,173.1501588886410,636.5774143225470,152.34520483684800,152.1191985450770,149.37306854373400,116.45356302771700,211.7879306991140,146.17492595885000,245.9674980699170,294.78174061451600,232.59288475090700,327.4752398387620,196.92724923354700,314.1006265197520,278.6609972941630,314.1006265197520,390.1161082859130,337.8777168646590,421.3235393636020
img5838.png,581.5928928999510,64.66718419000480,504.3173492790050,115.19350117293100,566.7322114343840,165.71981815585700,632.1192098828770,155.31734112996100,141.7167215191800,162.74768186274400,116.45356302771700,223.67647587156700,152.1191985450770,250.4257025095870,288.8374680282890,231.10681660435000,324.50310354564900,193.95511294043400,314.1006265197520,275.68886100105000,315.58669466630900,393.08824457902600,345.3080575974420,424.2956756567160
img5879.png,583.0789610465070,66.15325233656140,501.3452129858910,107.76316044014800,562.2740069947140,171.66409074208400,641.0356187622170,147.8870003971780,144.68885781229400,155.31734112996100,114.96749488116000,214.76006699222700,144.68885781229400,242.9953617768030,293.2956724679590,231.10681660435000,333.4195124249890,193.95511294043400,311.1284902266390,277.1749291476070,318.5588309594220,393.08824457902600,354.22446647678200,422.8096075
img5931.png,591.9953699258470,66.15325233656140,499.8591448393350,110.73529673326100,560.7879388481570,171.66409074208400,636.5774143225470,156.80340927651800,150.63313039852000,150.8591366902910,111.99535858804700,211.7879306991140,144.68885781229400,250.4257025095870,299.2399450541860,232.59288475090700,327.4752398387620,196.92724923354700,309.6424220800820,280.1470654407200,314.1006265197520,390.1161082859130,342.33592130432900,418.3514031
img6196.png,581.5928928999510,67.63932048311810,505.8034174255610,112.22136487981800,565.2461432878270,174.6362270351970,633.6052780294340,155.31734112996100,147.66099410540700,156.8034092765170,111.99535858804700,214.76006699222700,143.20278966573700,240.0232254836900,294.78174061451600,231.10681660435000,328.96130798531900,192.46904479387700,314.1006265197520,277.1749291476070,312.61455837319600,387.1439719927990,342.33592130432900,413.89319863081900
img6237.png,578.6207566068370,66.15325233656140,499.8591448393350,115.19350117293100,560.7879388481570,165.71981815585700,632.1192098828770,156.80340927651800,149.1470622519640,150.8591366902910,111.99535858804700,210.30186255255700,141.7167215191800,235.5650210440200,294.78174061451600,234.07895289746400,325.9891716922060,193.95511294043400,358.6826709164520,292.03561061317300,308.15635393352600,387.1439719927990,342.3359213043290,416.8653349239320
img6298.png,577.1346884602810,64.66718419000480,502.83128113244800,106.27709229359100,566.7322114343840,173.1501588886410,636.5774143225470,158.28947742307400,152.1191985450770,150.8591366902910,114.96749488116000,211.7879306991140,143.20278966573700,240.0232254836900,294.78174061451600,229.62074845779400,328.96130798531900,193.95511294043400,314.1006265197520,278.6609972941630,315.58669466630900,390.1161082859130,349.76626203711200,416.8653349239320
img6306.png,580.1068248,67.63932048311810,499.8591448393350,109.24922858670400,566.7322114343840,171.66409074208400,632.1192098828770,155.31734112996100,153.60526669163300,152.34520483684700,111.99535858804700,216.2461351387840,141.7167215191800,250.4257025095870,337.8777168646590,244.48142992336000,324.50310354564900,192.46904479387700,352.73839833022500,299.46595134595600,311.1284902266390,391.6021764324690,339.36378501121600,415.37926677737600
img6344.png,581.5928928999510,69.12538862967480,505.8034174255610,115.19350117293100,571.1904159,168.69195444897100,632.1192098828770,153.83127298340400,161.03560742441700,144.91486410406400,111.99535858804700,219.21827143189700,152.1191985450770,257.8560432,337.8777168646590,244.48142992336000,324.50310354564900,198.41331738010400,352.73839833022500,292.03561061317300,311.1284902266390,391.6021764324690,346.79412574399900,416.8653349239320