scorer,,,AVS,AVS,AVS,AVS,AVS,AVS,AVS,AVS,AVS,AVS,AVS,AVS,AVS,AVS,AVS,AVS,AVS,AVS,AVS,AVS,AVS,AVS,AVS,AVS
bodyparts,,,eye top,eye top,eye front,eye front,eye bottom,eye bottom,eye back,eye back,nose top,nose top,nose tip,nose tip,nose bottom,nose bottom,whisker 1,whisker 1,whisker 2,whisker 2,whisker 3,whisker 3,mouth,mouth,lip,lip
coords,,,x,y,x,y,x,y,x,y,x,y,x,y,x,y,x,y,x,y,x,y,x,y,x,y
labeled-data,cam1_G7c1_1,img0051.png,589.0232336327339,70.6114567762314,501.3452129858912,106.27709229359114,563.7600751412707,174.6362270351974,636.5774143225469,156.80340927651753,175.8962888899833,127.0820463453842,128.3421082001703,162.74768186274395,146.17492595885017,240.0232254836901,370.5712160889054,237.05108919057687,358.6826709164521,189.49690850076388,340.8498531577722,275.68886100104993,293.2956724679592,394.5743127255825,339.36378501121555,425.7817438032723
labeled-data,cam1_G7c1_1,img0068.png,589.0232336327339,67.63932048311811,502.83128113244777,106.27709229359114,562.2740069947141,173.1501588886407,636.5774143225469,158.28947742307417,172.92415259687,128.56811449194083,138.74458522606687,167.20588630241394,161.03560742441675,242.9953617768034,369.08514794234867,242.99536177680352,355.7105346233388,295.0077469062865,300.72601320074244,391.6021764324692,348.2801938905555,428.75388009638567,,
labeled-data,cam1_G7c1_1,img0076.png,590.5093017792906,64.66718419000479,501.3452129858912,104.79102414703449,565.2461432878274,171.66409074208406,638.0634824691036,153.83127298340423,177.38235703653996,133.02631893161083,125.36997190705696,177.60836332831047,149.1470622519635,240.0232254836901,364.6269435026787,238.53715733713352,352.73839833022544,193.95511294043382,354.22446647678214,284.6052698803899,296.2678087610725,393.08824457902585,336.39164871810226,433.21208453605556
labeled-data,cam1_G7c1_1,img0090.png,581.5928928999506,64.66718419000479,501.3452129858912,107.76316044014781,569.7043477274974,171.66409074208406,638.0634824691036,149.37306854373423,172.92415259687,133.02631893161083,119.42569932083035,176.12229518175383,146.17492595885017,234.07895289746347,308.15635393352574,228.13468031123693,337.8777168646589,189.49690850076382,364.6269435026787,290.5495424666165,294.78174061451585,391.60217643246915,336.39164871810226,418.351403070489
labeled-data,cam1_G7c1_1,img0114.png,586.0510973396206,66.15325233656144,501.3452129858912,104.79102414703449,566.7322114343841,171.66409074208406,636.5774143225469,156.80340927651753,186.2987659158799,124.10991005227088,134.2863807863969,165.71981815585724,156.57740298474678,247.4535662164734,361.65480720956543,245.96749806991681,351.2523301836688,196.92724923354712,336.39164871810226,283.1192017338332,315.58669466630903,390.1161082859125,370.5712160889054,427.26781194982897
labeled-data,cam1_G7c1_1,img0192.png,584.565029193064,63.18111604344814,498.3730766927779,112.22136487981778,563.7600751412707,173.1501588886407,638.0634824691036,156.80340927651753,161.03560742441675,143.42879595750742,116.45356302771702,193.9551129404337,150.63313039852014,248.93963436303005,343.8219894508855,244.48142992336017,336.39164871810226,193.95511294043382,355.7105346233388,297.9798831993998,312.61455837319573,388.63004013935586,358.6826709164521,419.8374712170457
labeled-data,cam1_G7c1_1,img0356.png,584.565029193064,69.12538862967476,502.83128113244777,110.73529673326111,563.7600751412707,171.66409074208406,638.0634824691036,162.74768186274417,178.86842518309663,128.56811449194083,125.36997190705696,183.55263591453712,150.63313039852014,245.96749806991676,305.18421764041244,226.64861216468023,340.8498531577722,188.01084035420718,324.50310354564897,272.71672470793663,293.2956724679592,397.5464490186958,334.90558057154556,437.67028897572555
labeled-data,cam1_G7c1_1,img0397.png,590.5093017792906,67.63932048311811,501.3452129858912,104.79102414703449,563.7600751412707,168.69195444897076,638.0634824691036,153.83127298340423,172.92415259687,134.51238707816748,113.48142673460373,199.89938552666035,146.17492595885017,238.53715733713346,358.6826709164521,240.02322548369017,342.33592130432885,192.46904479387717,328.96130798531897,280.1470654407199,303.6981494938558,390.1161082859125,352.73839833022544,419.8374712170457
labeled-data,cam1_G7c1_1,img0571.png,587.5371654861773,69.12538862967476,499.8591448393345,106.27709229359114,560.7879388481574,174.63622703519735,636.5774143225469,155.31734112996088,158.06347113130343,144.91486410406407,117.9396311742737,193.9551129404337,149.1470622519635,253.3978388027,340.8498531577722,250.4257025095868,330.4473761318756,196.92724923354712,351.2523301836688,302.4380876390698,311.1284902266391,388.63004013935586,358.6826709164521,424.2956756567157
labeled-data,cam1_G7c1_1,img0658.png,591.9953699258473,66.15325233656144,502.83128113244777,107.76316044014781,565.2461432878274,174.6362270351974,641.0356187622169,153.83127298340423,153.60526669163346,150.8591366902907,116.45356302771702,193.9551129404337,149.1470622519635,244.48142992336005,351.2523301836688,242.99536177680352,339.36378501121555,198.41331738010382,318.5588309594224,280.1470654407199,308.15635393352574,390.1161082859125,352.73839833022544,424.2956756567157
labeled-data,cam1_G7c1_1,img0683.png,587.5371654861773,69.12538862967476,498.3730766927779,113.70743302637443,566.7322114343841,173.1501588886407,639.5495506156602,152.34520483684759,153.60526669163346,150.8591366902907,114.96749488116038,205.843658112887,147.66099410540684,242.9953617768034,302.21208134729915,231.10681660435023,334.90558057154556,196.92724923354712,318.5588309594224,278.6609972941633,311.1284902266391,390.1161082859125,366.1130116492354,425.7817438032723
labeled-data,cam1_G7c1_1,img0703.png,593.4814380724039,66.15325233656144,504.3173492790045,109.24922858670446,566.7322114343841,174.6362270351974,642.5216869087735,155.31734112996088,169.9520163037567,138.97059151783748,114.96749488116038,192.46904479387706,156.57740298474678,257.85604324237,306.6702857869691,232.59288475090688,336.39164871810226,195.44118108699047,321.5309672525357,287.5774061735032,314.1006265197524,393.08824457902585,354.22446647678214,421.3235393636023
labeled-data,cam1_G7c1_1,img0763.png,584.565029193064,66.15325233656144,499.8591448393345,113.70743302637443,568.2182795809407,176.12229518175405,641.0356187622169,156.80340927651753,162.5216755709734,138.97059151783742,119.42569932083035,188.01084035420712,153.60526669163346,253.3978388027,318.5588309594224,231.10681660435023,342.33592130432885,195.44118108699047,336.39164871810226,280.1470654407199,321.5309672525357,397.5464490186958,369.08514794234867,434.69815268261226
labeled-data,cam1_G7c1_1,img0888.png,589.0232336327339,64.66718419000479,505.8034174255612,106.27709229359114,574.1625521671674,177.6083633283107,636.5774143225469,161.26161371618753,168.46594815720002,143.42879595750742,119.42569932083035,193.9551129404337,144.68885781229352,245.9674980699167,305.18421764041244,234.07895289746352,339.36378501121555,198.41331738010382,325.9891716922056,278.6609972941633,315.58669466630903,387.1439719927992,364.6269435026787,421.3235393636023
labeled-data,cam1_G7c1_1,img0951.png,590.5093017792906,69.12538862967476,502.83128113244777,106.27709229359114,560.7879388481574,170.1780225955274,635.0913461759903,153.83127298340423,159.54953927786008,140.45665966439412,120.911767467387,186.52477220765041,144.68885781229352,238.53715733713346,361.65480720956543,240.02322548369017,349.76626203711214,192.46904479387717,336.39164871810226,280.1470654407199,317.0727628128657,390.1161082859125,361.65480720956543,421.3235393636023
labeled-data,cam1_G7c1_1,img1078.png,596.4535743655172,63.18111604344814,504.3173492790045,103.30495600047784,559.3018707016008,170.1780225955274,635.0913461759903,161.26161371618753,177.38235703653996,135.99845522472413,125.36997190705696,177.60836332831047,144.68885781229352,250.4257025095867,361.65480720956543,248.93963436303017,349.76626203711214,195.44118108699047,331.93344427843226,277.17492914760663,317.0727628128657,393.08824457902585,352.73839833022544,419.8374712170457
labeled-data,cam1_G7c1_1,img1221.png,593.4814380724039,64.66718419000479,498.3730766927779,112.22136487981778,563.7600751412707,171.66409074208406,638.0634824691036,159.77554556963088,166.97988001064337,141.94272781095077,117.9396311742737,185.03870406109377,147.66099410540684,248.93963436303005,296.2678087610725,234.07895289746352,331.93344427843226,196.92724923354712,314.1006265197524,277.1749291476066,311.1284902266391,384.1718356996859,342.33592130432885,410.92106233770573
labeled-data,cam1_G7c1_1,img1383.png,581.5928928999506,66.15325233656144,501.3452129858912,103.30495600047784,572.6764840206107,174.6362270351974,636.5774143225469,158.28947742307417,183.3266296227666,128.56811449194083,137.25851707951023,174.63622703519718,165.49381186408672,251.91177065614335,378.0015568216886,244.4814299233601,363.1408753561221,195.44118108699047,360.16873906300873,284.6052698803899,318.5588309594224,388.63004013935586,348.2801938905555,418.351403070489
labeled-data,cam1_G7c1_1,img1439.png,586.0510973396206,70.6114567762314,496.8870085462212,104.79102414703449,574.1625521671674,173.1501588886407,635.0913461759903,156.80340927651753,177.38235703653996,128.56811449194086,131.3142444932836,173.15015888864053,155.0913348381901,247.4535662164734,315.58669466630903,228.13468031123693,348.2801938905555,193.95511294043382,331.93344427843226,278.6609972941633,312.61455837319573,384.1718356996859,358.6826709164521,418.351403070489
labeled-data,cam1_G7c1_1,img1604.png,583.0789610465073,67.63932048311811,499.8591448393345,107.76316044014781,562.2740069947141,174.6362270351974,638.0634824691036,150.85913669029094,187.78483406243657,124.10991005227088,134.2863807863969,173.15015888864053,156.57740298474678,244.48142992336005,370.5712160889054,231.10681660435029,355.7105346233388,190.98297664732053,360.16873906300873,292.03561061317316,281.4071272955059,393.08824457902585,323.0170353990923,431.72601638949897
labeled-data,cam1_G7c1_1,img1713.png,586.0510973396206,64.66718419000479,501.3452129858912,103.30495600047784,571.190415874054,168.69195444897076,633.6052780294336,143.42879595750765,166.97988001064337,138.97059151783748,120.911767467387,190.9829766473204,158.06347113130343,254.8839069492567,305.18421764041244,229.62074845779358,339.36378501121555,196.92724923354712,321.5309672525357,277.1749291476066,309.6424220800824,384.1718356996859,361.65480720956543,418.351403070489
labeled-data,cam1_G7c1_1,img1837.png,586.0510973396206,67.63932048311811,501.3452129858912,103.30495600047784,568.2182795809407,173.1501588886407,636.5774143225469,155.31734112996088,174.41022074342666,135.99845522472413,119.42569932083035,188.01084035420712,149.1470622519635,244.48142992336005,361.65480720956543,241.50929363024687,346.79412574399885,189.49690850076388,331.93344427843226,277.17492914760663,311.1284902266391,385.65790384624256,360.16873906300873,416.8653349239324
labeled-data,cam1_G7c1_1,img1852.png,587.5371654861773,69.12538862967476,504.3173492790045,101.81888785392117,569.7043477274974,171.66409074208406,635.0913461759903,161.26161371618753,166.97988001064337,140.45665966439412,123.88390376050032,176.12229518175383,153.60526669163346,251.91177065614335,361.65480720956543,240.02322548369017,349.76626203711214,193.95511294043382,330.4473761318756,280.1470654407199,317.0727628128657,385.65790384624256,358.6826709164521,418.351403070489
labeled-data,cam1_G7c1_1,img1878.png,589.0232336327339,66.15325233656144,501.3452129858912,106.27709229359114,568.2182795809407,173.1501588886407,636.5774143225469,155.31734112996088,164.00774371753005,137.48452337128077,122.39783561394367,180.58049962142383,153.60526669163346,254.8839069492567,305.18421764041244,228.13468031123693,340.8498531577722,198.41331738010382,321.5309672525357,275.68886100104993,312.61455837319573,382.68576755312927,354.22446647678214,413.8931986308191
labeled-data,cam1_G7c1_1,img1887.png,586.0510973396206,64.66718419000479,499.8591448393345,113.70743302637443,569.7043477274974,173.1501588886407,636.5774143225469,150.85913669029094,159.54953927786008,138.97059151783742,113.48142673460373,193.9551129404337,150.63313039852014,250.4257025095867,305.18421764041244,235.56502104402023,339.36378501121555,196.92724923354712,324.50310354564897,284.60526988038987,317.0727628128657,387.1439719927992,361.65480720956543,416.8653349239324
labeled-data,cam1_G7c1_1,img1923.png,589.0232336327339,70.6114567762314,507.28948557211777,106.27709229359114,574.1625521671674,173.1501588886407,632.1192098828769,152.34520483684759,186.2987659158799,128.56811449194083,125.36997190705696,186.52477220765041,152.1191985450768,248.93963436303005,315.58669466630903,231.10681660435023,351.2523301836688,192.46904479387717,328.96130798531897,277.17492914760663,309.6424220800824,385.65790384624256,361.65480720956543,418.351403070489
labeled-data,cam1_G7c1_1,img1996.png,587.5371654861773,70.6114567762314,502.83128113244777,104.79102414703449,568.2182795809407,173.1501588886407,639.5495506156602,153.83127298340423,190.7569703555499,118.16563746604426,137.25851707951023,155.31734112996065,156.57740298474678,251.91177065614335,361.65480720956543,247.45356621647346,354.22446647678214,199.89938552666047,325.9891716922056,280.1470654407199,306.6702857869691,387.1439719927992,348.2801938905555,416.8653349239324
labeled-data,cam1_G7c1_1,img2041.png,590.5093017792906,66.15325233656144,501.3452129858912,101.81888785392117,568.2182795809407,171.66409074208406,639.5495506156602,149.37306854373423,180.35449332965328,128.56811449194083,126.85604005361364,165.71981815585724,153.60526669163346,237.05108919057682,315.58669466630903,225.16254401812358,345.3080575974422,190.98297664732053,328.96130798531897,274.2027928544933,314.1006265197524,387.1439719927992,355.7105346233388,416.8653349239324
labeled-data,cam1_G7c1_1,img2049.png,590.5093017792906,60.20897975033482,501.3452129858912,103.30495600047784,569.7043477274974,177.6083633283107,638.0634824691036,155.31734112996088,210.07585626078642,113.70743302637429,134.2863807863969,158.289477423074,159.54953927786008,241.50929363024676,357.19660276989543,240.02322548369017,351.2523301836688,192.46904479387717,331.93344427843226,274.2027928544933,314.1006265197524,393.08824457902585,349.76626203711214,418.351403070489
labeled-data,cam1_G7c1_1,img2078.png,589.0232336327339,69.12538862967476,502.83128113244777,101.81888785392117,571.190415874054,177.6083633283107,636.5774143225469,153.83127298340423,180.35449332965328,131.54025078505418,122.39783561394367,179.09443147486718,144.68885781229352,234.07895289746347,379.4876249682453,237.05108919057687,363.1408753561221,192.46904479387717,352.73839833022544,269.74458841482334,311.1284902266391,385.65790384624256,355.7105346233388,421.3235393636023
labeled-data,cam1_G7c1_1,img2118.png,590.5093017792906,70.6114567762314,501.3452129858912,107.76316044014781,571.190415874054,170.1780225955274,636.5774143225469,149.37306854373423,181.84056147620993,133.02631893161083,119.42569932083035,188.01084035420712,146.17492595885017,242.9953617768034,309.6424220800824,229.62074845779358,340.8498531577722,193.95511294043382,325.9891716922056,275.68886100104993,302.21208134729915,384.1718356996859,355.7105346233388,419.8374712170457
labeled-data,cam1_G7c1_1,img2211.png,591.9953699258473,67.63932048311811,499.8591448393345,107.76316044014781,565.2461432878274,177.6083633283107,633.6052780294336,162.74768186274417,180.35449332965328,128.56811449194083,128.3421082001703,174.63622703519718,152.1191985450768,254.8839069492567,358.6826709164521,242.99536177680352,348.2801938905555,193.95511294043382,330.4473761318756,284.60526988038987,318.5588309594224,388.63004013935586,376.51548867513196,428.75388009638567
labeled-data,cam1_G7c1_1,img2249.png,584.565029193064,67.63932048311811,501.3452129858912,109.24922858670446,569.7043477274974,173.1501588886407,635.0913461759903,155.31734112996088,175.8962888899833,137.48452337128077,135.77244893295358,188.01084035420712,159.54953927786008,245.96749806991676,383.94582940791526,241.50929363024687,367.599079795792,193.95511294043382,361.65480720956543,287.5774061735032,314.1006265197524,388.63004013935586,358.6826709164521,412.4071304842624
labeled-data,cam1_G7c1_1,img2252.png,586.0510973396206,67.63932048311811,504.3173492790045,106.27709229359114,571.190415874054,171.66409074208406,638.0634824691036,155.31734112996088,189.27090220899322,130.05418263849754,132.80031263984026,168.6919544489706,153.60526669163346,234.07895289746347,385.4318975544719,237.05108919057687,369.08514794234867,195.44118108699047,363.1408753561221,278.6609972941633,302.21208134729915,382.68576755312927,349.76626203711214,412.4071304842624
labeled-data,cam1_G7c1_1,img2267.png,586.0510973396206,63.18111604344814,505.8034174255612,107.76316044014781,569.7043477274974,173.1501588886407,641.0356187622169,153.83127298340423,169.9520163037567,137.48452337128077,129.82817634672693,171.66409074208389,146.17492595885017,231.10681660435017,375.0294205285753,238.53715733713352,360.16873906300873,199.89938552666047,351.2523301836688,281.6331335872766,314.1006265197524,388.63004013935586,369.08514794234867,419.8374712170457
labeled-data,cam1_G7c1_1,img2286.png,590.5093017792906,66.15325233656144,507.28948557211777,104.79102414703449,568.2182795809407,176.12229518175405,639.5495506156602,156.80340927651753,172.92415259687,133.02631893161083,131.3142444932836,171.66409074208389,153.60526669163346,242.9953617768034,366.1130116492354,242.99536177680352,354.22446647678214,195.44118108699047,339.36378501121555,281.6331335872766,317.0727628128657,385.65790384624256,366.1130116492354,422.809607510159
labeled-data,cam1_G7c1_1,img2369.png,587.5371654861773,69.12538862967476,510.26162186523106,104.79102414703449,572.6764840206107,173.1501588886407,635.0913461759903,152.34520483684759,180.35449332965328,127.0820463453842,134.2863807863969,159.77554556963065,146.17492595885017,240.0232254836901,352.73839833022544,241.50929363024687,349.76626203711214,189.49690850076388,327.4752398387623,280.1470654407199,314.1006265197524,388.63004013935586,351.2523301836688,416.8653349239324
labeled-data,cam1_G7c1_1,img2600.png,596.4535743655172,66.15325233656144,502.83128113244777,104.79102414703449,566.7322114343841,173.1501588886407,639.5495506156602,153.83127298340423,165.49381186408672,144.91486410406407,117.9396311742737,190.9829766473204,144.68885781229352,240.0232254836901,300.72601320074244,231.10681660435023,333.4195124249889,193.95511294043382,357.19660276989543,300.95201949251316,302.21208134729915,384.1718356996859,357.19660276989543,416.8653349239324
labeled-data,cam1_G7c1_1,img2769.png,587.5371654861773,67.63932048311811,502.83128113244777,106.27709229359114,557.8158025550441,170.1780225955274,639.5495506156602,155.31734112996088,187.78483406243657,128.56811449194083,138.74458522606687,177.60836332831053,153.60526669163346,238.53715733713346,373.54335238201867,226.6486121646803,352.73839833022544,188.01084035420718,366.1130116492354,290.5495424666165,303.6981494938558,390.1161082859125,339.36378501121555,416.8653349239324
labeled-data,cam1_G7c1_1,img2962.png,590.5093017792906,66.15325233656144,501.3452129858912,100.33281970736452,572.6764840206107,171.66409074208406,642.5216869087735,152.34520483684759,162.5216755709734,141.94272781095077,114.96749488116038,190.9829766473204,149.1470622519635,250.4257025095867,302.21208134729915,234.07895289746352,340.8498531577722,193.95511294043382,318.5588309594224,281.6331335872766,300.72601320074244,385.65790384624256,355.7105346233388,413.8931986308191
labeled-data,cam1_G7c1_1,img2982.png,586.0510973396206,66.15325233656144,507.28948557211777,104.79102414703449,565.2461432878274,177.6083633283107,638.0634824691036,155.31734112996088,166.97988001064337,140.45665966439412,116.45356302771702,192.46904479387706,149.1470622519635,242.9953617768034,361.65480720956543,241.50929363024687,348.2801938905555,195.44118108699047,337.8777168646589,283.1192017338332,317.0727628128657,390.1161082859125,357.19660276989543,421.3235393636023
labeled-data,cam1_G7c1_1,img2997.png,590.5093017792906,67.63932048311811,507.28948557211777,106.27709229359114,566.7322114343841,171.66409074208406,633.6052780294336,152.34520483684759,196.7012429417765,115.19350117293097,129.82817634672693,168.6919544489706,156.57740298474678,242.9953617768034,370.5712160889053,242.99536177680346,361.6548072095654,196.92724923354717,311.1284902266391,385.65790384624256,357.19660276989543,421.3235393636023,,
labeled-data,cam1_G7c1_1,img3050.png,583.0789610465073,64.66718419000479,504.3173492790045,106.27709229359114,574.1625521671674,173.1501588886407,635.0913461759903,153.83127298340423,186.2987659158799,125.59597819882755,141.7167215191802,164.2337500093006,159.54953927786008,242.9953617768034,369.08514794234867,234.07895289746358,349.76626203711214,190.98297664732053,376.51548867513196,281.6331335872766,306.6702857869691,384.1718356996859,355.7105346233388,421.3235393636023
labeled-data,cam1_G7c1_1,img3280.png,586.0510973396206,63.18111604344814,501.3452129858912,109.24922858670446,575.648620313724,173.1501588886407,642.5216869087735,150.85913669029094,174.41022074342666,130.05418263849754,125.36997190705696,177.60836332831047,147.66099410540684,240.0232254836901,363.1408753561221,245.96749806991681,349.76626203711214,195.44118108699047,375.0294205285753,297.9798831993998,312.61455837319573,382.68576755312927,364.6269435026787,418.351403070489
labeled-data,cam1_G7c1_1,img3405.png,584.565029193064,67.63932048311811,505.8034174255612,101.81888785392117,568.2182795809407,173.1501588886407,636.5774143225469,159.77554556963088,184.81269776932325,125.59597819882755,132.80031263984026,161.2616137161873,153.60526669163346,238.53715733713346,386.91796570102855,245.96749806991681,376.51548867513196,198.41331738010382,363.1408753561221,280.1470654407199,305.18421764041244,381.19969940657256,345.3080575974422,412.4071304842624
labeled-data,cam1_G7c1_1,img3446.png,584.565029193064,64.66718419000479,499.8591448393345,104.79102414703449,566.7322114343841,173.1501588886407,638.0634824691036,153.83127298340423,181.84056147620993,124.10991005227088,128.3421082001703,156.8034092765173,155.0913348381901,244.48142992336005,357.19660276989543,232.59288475090693,346.79412574399885,182.0665677679806,342.33592130432885,303.92415578562645,314.1006265197524,393.08824457902585,351.2523301836688,413.8931986308191
labeled-data,cam1_G7c1_1,img3575.png,589.0232336327339,64.66718419000479,507.28948557211777,101.81888785392117,568.2182795809407,174.6362270351974,636.5774143225469,150.85913669029094,187.78483406243657,121.13777375915758,144.68885781229352,147.88700039717736,156.57740298474678,231.10681660435017,397.3204427269252,238.53715733713358,348.28019389055544,185.03870406109388,305.18421764041244,387.1439719927992,345.3080575974422,413.89319863081903,,
labeled-data,cam1_G7c1_1,img3615.png,586.0510973396206,64.66718419000479,504.3173492790045,103.30495600047784,571.190415874054,174.6362270351974,639.5495506156602,155.31734112996088,177.38235703653996,130.05418263849754,128.3421082001703,167.2058863024139,144.68885781229352,235.5650210440201,383.94582940791526,232.59288475090693,370.5712160889054,189.49690850076388,369.08514794234867,268.2585202682667,303.6981494938558,385.65790384624256,355.7105346233388,418.351403070489
labeled-data,cam1_G7c1_1,img3638.png,581.5928928999506,67.63932048311811,504.3173492790045,104.79102414703449,565.2461432878274,171.66409074208406,636.5774143225469,150.85913669029094,175.8962888899833,127.0820463453842,131.3142444932836,165.71981815585724,155.0913348381901,241.50929363024676,373.54335238201867,242.99536177680352,361.65480720956543,190.98297664732053,354.22446647678214,281.6331335872766,309.6424220800824,387.1439719927992,349.76626203711214,415.37926677737573
labeled-data,cam1_G7c1_1,img3751.png,580.106824753394,69.12538862967476,504.3173492790045,107.76316044014781,568.2182795809407,170.1780225955274,636.5774143225469,156.80340927651753,165.49381186408672,135.99845522472413,125.36997190705696,174.63622703519718,150.63313039852014,241.50929363024676,346.79412574399885,242.99536177680352,336.39164871810226,192.46904479387717,314.1006265197524,278.6609972941633,314.1006265197524,384.1718356996859,358.6826709164521,415.37926677737573
labeled-data,cam1_G7c1_1,img3908.png,584.565029193064,66.15325233656144,505.8034174255612,109.24922858670446,565.2461432878274,174.6362270351974,635.0913461759903,156.80340927651753,166.97988001064337,137.48452337128077,126.85604005361364,176.12229518175383,147.66099410540684,244.48142992336005,367.599079795792,238.53715733713352,357.19660276989543,188.01084035420718,343.8219894508855,277.17492914760663,311.1284902266391,388.63004013935586,351.2523301836688,419.8374712170457
labeled-data,cam1_G7c1_1,img4001.png,584.565029193064,66.15325233656144,504.3173492790045,112.22136487981778,571.190415874054,173.1501588886407,641.0356187622169,153.83127298340423,169.9520163037567,134.51238707816748,120.911767467387,189.49690850076377,152.1191985450768,248.93963436303005,348.2801938905555,247.45356621647346,337.8777168646589,195.44118108699047,360.16873906300873,302.4380876390698,315.58669466630903,385.65790384624256,361.65480720956543,419.8374712170457
labeled-data,cam1_G7c1_1,img4241.png,584.565029193064,66.15325233656144,501.3452129858912,110.73529673326111,569.7043477274974,171.66409074208406,638.0634824691036,150.85913669029094,164.00774371753005,140.45665966439412,120.911767467387,190.9829766473204,150.63313039852014,242.9953617768034,354.22446647678214,247.45356621647346,343.8219894508855,192.46904479387717,324.50310354564897,289.06347432005987,309.6424220800824,385.65790384624256,352.73839833022544,416.8653349239324
labeled-data,cam1_G7c1_1,img4261.png,581.5928928999506,66.15325233656144,499.8591448393345,106.27709229359114,572.6764840206107,171.66409074208406,636.5774143225469,150.85913669029094,165.49381186408672,138.97059151783748,119.42569932083035,186.52477220765041,156.57740298474678,250.4257025095867,346.79412574399885,250.4257025095868,334.90558057154556,199.89938552666047,355.7105346233388,300.9520194925131,311.1284902266391,382.68576755312927,345.3080575974422,413.89319863081903
labeled-data,cam1_G7c1_1,img4455.png,590.5093017792906,69.12538862967476,504.3173492790045,109.24922858670446,572.6764840206107,173.1501588886407,638.0634824691036,152.34520483684759,184.81269776932325,127.0820463453842,135.77244893295358,167.20588630241394,150.63313039852014,244.48142992336005,375.0294205285753,240.02322548369023,361.65480720956543,193.95511294043382,354.22446647678214,277.17492914760663,309.6424220800824,391.6021764324692,346.79412574399885,416.8653349239324
labeled-data,cam1_G7c1_1,img4473.png,589.0232336327339,61.69504789689147,499.8591448393345,109.24922858670446,563.7600751412707,171.66409074208406,636.5774143225469,158.28947742307417,220.478333286683,107.76316044014767,156.57740298474678,135.99845522472413,155.0913348381901,226.64861216468017,389.8901019941419,241.50929363024687,379.4876249682453,199.89938552666047,361.65480720956543,283.1192017338332,302.21208134729915,384.1718356996859,342.33592130432885,418.351403070489
labeled-data,cam1_G7c1_1,img4680.png,589.0232336327339,64.66718419000479,504.3173492790045,110.73529673326111,568.2182795809407,171.66409074208406,638.0634824691036,156.80340927651753,174.41022074342666,128.56811449194083,135.77244893295358,156.8034092765173,155.0913348381901,242.9953617768034,370.5712160889054,244.48142992336017,357.19660276989543,193.95511294043382,336.39164871810226,272.71672470793663,312.61455837319573,384.1718356996859,351.2523301836688,418.351403070489
labeled-data,cam1_G7c1_1,img4852.png,589.0232336327339,69.12538862967476,505.8034174255612,106.27709229359114,563.7600751412707,176.12229518175405,641.0356187622169,153.83127298340423,171.43808445031334,135.99845522472413,125.36997190705696,176.12229518175383,147.66099410540684,248.93963436303005,303.6981494938558,232.59288475090688,339.36378501121555,196.92724923354712,321.5309672525357,281.6331335872766,308.15635393352574,384.1718356996859,360.16873906300873,418.351403070489
labeled-data,cam1_G7c1_1,img4943.png,586.0510973396206,67.63932048311811,502.83128113244777,106.27709229359114,566.7322114343841,174.6362270351974,636.5774143225469,152.34520483684759,208.58978811422978,109.24922858670432,135.77244893295358,147.88700039717736,150.63313039852014,237.05108919057676,360.16873906300873,240.02322548369017,351.2523301836688,189.49690850076388,334.90558057154556,272.71672470793663,314.1006265197524,388.63004013935586,361.65480720956543,422.809607510159
labeled-data,cam1_G7c1_1,img4997.png,593.4814380724039,66.15325233656144,502.83128113244777,103.30495600047784,566.7322114343841,174.6362270351974,635.0913461759903,155.31734112996088,165.49381186408672,135.99845522472413,128.3421082001703,170.17802259552724,150.63313039852014,244.48142992336005,382.4597612613586,234.07895289746358,369.08514794234867,189.49690850076388,367.599079795792,272.71672470793663,309.6424220800824,388.63004013935586,358.6826709164521,421.3235393636023
labeled-data,cam1_G7c1_1,img5090.png,591.9953699258473,66.15325233656144,502.83128113244777,113.70743302637443,566.7322114343841,171.66409074208406,638.0634824691036,150.85913669029094,174.41022074342666,138.97059151783748,117.9396311742737,182.06656776798047,150.63313039852014,240.0232254836901,370.5712160889054,231.10681660435029,358.6826709164521,189.49690850076388,351.2523301836688,269.74458841482334,305.18421764041244,387.1439719927992,340.8498531577722,418.351403070489
labeled-data,cam1_G7c1_1,img5167.png,587.5371654861773,67.63932048311811,502.83128113244777,112.22136487981778,566.7322114343841,170.1780225955274,639.5495506156602,155.31734112996088,171.43808445031334,134.51238707816748,120.911767467387,174.63622703519718,150.63313039852014,253.3978388027,376.51548867513196,229.62074845779358,355.7105346233388,185.03870406109388,355.7105346233388,272.71672470793663,308.15635393352574,394.5743127255825,349.76626203711214,422.809607510159
labeled-data,cam1_G7c1_1,img5188.png,587.5371654861773,69.12538862967476,504.3173492790045,107.76316044014781,568.2182795809407,170.1780225955274,639.5495506156602,156.80340927651753,184.81269776932325,127.0820463453842,126.85604005361364,170.17802259552724,150.63313039852014,248.93963436303005,376.51548867513196,232.59288475090693,366.1130116492354,189.49690850076388,345.3080575974422,289.06347432005987,303.6981494938558,397.5464490186958,349.76626203711214,421.3235393636023
labeled-data,cam1_G7c1_1,img5240.png,586.0510973396206,63.18111604344814,498.3730766927779,104.79102414703449,563.7600751412707,171.66409074208406,638.0634824691036,155.31734112996088,202.64551552800313,112.22136487981764,146.17492595885017,143.42879595750742,150.63313039852014,235.5650210440201,379.4876249682453,235.56502104402023,369.08514794234867,192.46904479387717,345.3080575974422,284.6052698803899,303.6981494938558,394.5743127255825,334.90558057154556,416.8653349239324
labeled-data,cam1_G7c1_1,img5315.png,581.5928928999506,70.6114567762314,501.3452129858912,106.27709229359114,566.7322114343841,171.66409074208406,641.0356187622169,152.34520483684759,183.3266296227666,128.56811449194083,120.911767467387,188.01084035420712,150.63313039852014,245.96749806991676,379.4876249682453,235.56502104402023,370.5712160889054,190.98297664732053,342.33592130432885,287.5774061735032,305.18421764041244,393.08824457902585,346.79412574399885,419.8374712170457
labeled-data,cam1_G7c1_1,img5340.png,587.5371654861773,67.63932048311811,504.3173492790045,109.24922858670446,565.2461432878274,170.1780225955274,639.5495506156602,156.80340927651753,174.41022074342666,137.48452337128077,117.9396311742737,179.09443147486718,159.54953927786008,254.8839069492567,388.40403384758525,235.56502104402023,370.5712160889054,190.98297664732053,364.6269435026787,269.74458841482334,300.72601320074244,393.08824457902585,343.8219894508855,415.37926677737573
labeled-data,cam1_G7c1_1,img5379.png,581.5928928999506,64.66718419000479,498.3730766927779,122.62384190571437,574.1625521671674,174.6362270351974,638.0634824691036,149.37306854373423,168.46594815720002,138.97059151783748,117.9396311742737,193.9551129404337,161.03560742441675,248.93963436303005,378.0015568216886,237.05108919057687,339.36378501121555,286.0913380269466,305.18421764041244,391.6021764324692,343.8219894508855,418.351403070489,,
labeled-data,cam1_G7c1_1,img5420.png,587.5371654861773,61.69504789689147,502.83128113244777,112.22136487981778,569.7043477274974,171.66409074208406,636.5774143225469,155.31734112996088,150.63313039852014,162.74768186274395,111.99535858804705,222.19040772501017,150.63313039852014,268.2585202682666,375.0294205285753,231.10681660435029,354.22446647678214,190.98297664732053,358.6826709164521,265.28638397515334,297.75387690762915,393.08824457902585,339.36378501121555,427.26781194982897
labeled-data,cam1_G7c1_1,img5455.png,578.6207566068373,64.66718419000479,499.8591448393345,116.67956931948775,565.2461432878274,167.20588630241411,636.5774143225469,150.85913669029094,175.8962888899833,128.56811449194083,126.85604005361364,176.12229518175383,153.60526669163346,242.9953617768034,358.6826709164521,231.10681660435023,343.8219894508855,185.03870406109388,331.93344427843226,268.2585202682667,302.21208134729915,399.03251716525244,343.8219894508855,421.3235393636023
labeled-data,cam1_G7c1_1,img5612.png,580.106824753394,69.12538862967476,510.26162186523106,106.27709229359114,566.7322114343841,173.1501588886407,639.5495506156602,158.28947742307417,177.38235703653996,122.62384190571423,128.3421082001703,165.71981815585724,150.63313039852014,237.05108919057676,308.15635393352574,231.10681660435023,345.3080575974422,193.95511294043382,323.0170353990923,277.1749291476066,306.6702857869691,396.06038087213915,340.8498531577722,419.8374712170457
labeled-data,cam1_G7c1_1,img5704.png,586.0510973396206,69.12538862967476,502.83128113244777,107.76316044014781,569.7043477274974,173.1501588886407,633.6052780294336,155.31734112996088,162.5216755709734,141.94272781095077,109.02322229493376,195.44118108699035,144.68885781229352,244.48142992336005,302.21208134729915,235.56502104402023,337.8777168646589,196.92724923354712,320.044899105979,281.6331335872766,314.1006265197524,394.5743127255825,352.73839833022544,425.7817438032723
labeled-data,cam1_G7c1_1,img5822.png,587.5371654861773,64.66718419000479,501.3452129858912,106.27709229359114,566.7322114343841,173.1501588886407,635.0913461759903,156.80340927651753,174.41022074342666,140.45665966439412,117.9396311742737,193.9551129404337,152.1191985450768,253.3978388027,305.18421764041244,235.56502104402023,333.4195124249889,196.92724923354712,314.1006265197524,278.6609972941633,318.5588309594224,394.5743127255825,372.057284235462,418.351403070489
labeled-data,cam1_G7c1_1,img6072.png,584.565029193064,61.69504789689147,498.3730766927779,107.76316044014781,562.2740069947141,167.20588630241411,636.5774143225469,155.31734112996088,184.81269776932325,118.16563746604426,135.77244893295358,155.31734112996065,161.03560742441675,245.96749806991676,363.1408753561221,241.50929363024687,349.76626203711214,189.49690850076388,328.96130798531897,275.68886100104993,309.6424220800824,397.5464490186958,366.1130116492354,428.75388009638567
labeled-data,cam1_G7c1_1,img6080.png,589.0232336327339,63.18111604344814,504.3173492790045,107.76316044014781,560.7879388481574,168.69195444897076,630.6331417363203,156.80340927651753,192.24303850210654,119.6517056126009,137.25851707951023,155.31734112996065,146.17492595885017,225.16254401812353,355.7105346233388,238.53715733713352,346.79412574399885,180.58049962142388,323.0170353990923,268.25852026826664,309.6424220800824,396.06038087213915,367.599079795792,425.7817438032723
labeled-data,cam1_G7c1_1,img6114.png,583.0789610465073,69.12538862967476,501.3452129858912,112.22136487981778,566.7322114343841,168.69195444897076,636.5774143225469,153.83127298340423,177.38235703653996,134.51238707816748,131.3142444932836,164.2337500093006,156.57740298474678,247.4535662164734,382.4597612613586,237.05108919057687,367.599079795792,185.03870406109388,367.599079795792,269.74458841482334,302.21208134729915,388.63004013935586,340.8498531577722,424.2956756567157
labeled-data,cam1_G7c1_1,img6158.png,583.0789610465073,64.66718419000479,504.3173492790045,110.73529673326111,563.7600751412707,170.1780225955274,635.0913461759903,156.80340927651753,172.92415259687,130.05418263849754,116.45356302771702,179.09443147486718,149.1470622519635,244.48142992336005,355.7105346233388,238.53715733713352,342.33592130432885,188.01084035420718,330.4473761318756,274.2027928544933,306.6702857869691,390.1161082859125,355.7105346233388,422.809607510159
labeled-data,cam1_G7c1_1,img6367.png,586.0510973396206,64.66718419000479,502.83128113244777,109.24922858670446,569.7043477274974,168.69195444897076,638.0634824691036,159.77554556963088,181.84056147620993,130.05418263849754,129.82817634672693,179.09443147486718,152.1191985450768,245.96749806991676,366.1130116492354,240.02322548369023,349.76626203711214,195.44118108699047,345.3080575974422,274.2027928544933,311.1284902266391,400.51858531180915,367.599079795792,425.7817438032723
labeled-data,cam1_G7c1_1,img6392.png,586.0510973396206,67.63932048311811,507.28948557211777,109.24922858670446,574.1625521671674,171.6640907420841,635.0913461759903,153.83127298340423,192.24303850210654,124.1099100522709,141.7167215191802,159.77554556963065,153.60526669163346,238.53715733713346,366.1130116492354,250.4257025095868,349.76626203711214,189.49690850076388,337.8777168646589,284.60526988038987,,,,
labeled-data,cam1_G7c1_1,img6449.png,589.0232336327339,69.12538862967476,505.8034174255612,106.27709229359114,571.190415874054,174.6362270351974,639.5495506156602,152.34520483684759,221.9644014332397,115.19350117293097,149.1470622519635,164.2337500093006,156.57740298474678,232.59288475090682,418.12539677871837,248.93963436303017,401.77864716659514,204.35758996633047,395.8343745803685,281.63313358727663,306.6702857869691,391.6021764324692,351.2523301836688,424.2956756567157
labeled-data,cam1_G7c1_1,img6635.png,581.5928928999506,70.6114567762314,505.8034174255612,106.27709229359114,571.190415874054,176.12229518175405,638.0634824691036,153.83127298340423,171.43808445031334,134.51238707816748,123.88390376050032,173.15015888864053,149.1470622519635,237.05108919057676,309.6424220800824,229.62074845779358,343.8219894508855,186.52477220765053,320.044899105979,283.1192017338332,311.1284902266391,388.63004013935586,343.8219894508855,416.8653349239324
labeled-data,cam1_G7c1_1,img6657.png,589.0232336327339,61.69504789689147,502.83128113244777,106.27709229359114,566.7322114343841,176.12229518175405,641.0356187622169,152.34520483684759,183.3266296227666,119.6517056126009,134.2863807863969,164.2337500093006,153.60526669163346,240.0232254836901,385.4318975544719,240.02322548369023,376.51548867513196,190.98297664732053,355.7105346233388,277.17492914760663,309.6424220800824,385.65790384624256,352.73839833022544,418.351403070489
labeled-data,cam1_G7c1_1,img6677.png,589.0232336327339,64.66718419000479,504.3173492790045,113.70743302637443,566.7322114343841,176.12229518175405,636.5774143225469,158.28947742307417,251.68576436437283,106.27709229359102,141.7167215191802,161.2616137161873,158.06347113130343,237.05108919057682,395.8343745803685,245.96749806991681,383.94582940791526,204.35758996633047,376.51548867513196,280.1470654407199,293.2956724679592,391.60217643246915,330.4473761318756,419.8374712170457
labeled-data,cam1_G7c1_1,img6898.png,583.0789610465073,63.18111604344814,502.83128113244777,109.24922858670446,572.6764840206107,176.12229518175405,638.0634824691036,152.34520483684759,184.81269776932325,130.05418263849754,125.36997190705696,173.15015888864053,155.0913348381901,241.50929363024676,375.0294205285753,248.93963436303017,363.1408753561221,202.87152181977376,355.7105346233388,283.1192017338332,285.8653317351759,388.63004013935586,320.044899105979,421.3235393636023
labeled-data,cam1_G7c1_1,img6979.png,584.565029193064,67.63932048311811,501.3452129858912,110.73529673326111,572.6764840206107,173.1501588886407,636.5774143225469,158.28947742307417,158.06347113130343,147.88700039717736,117.9396311742737,193.9551129404337,150.63313039852014,245.96749806991676,300.72601320074244,234.07895289746352,333.4195124249889,186.52477220765053,320.044899105979,278.6609972941633,308.15635393352574,385.65790384624256,346.79412574399885,415.37926677737573
labeled-data,cam1_G7c1_1,img7048.png,581.5928928999506,63.18111604344814,502.83128113244777,115.19350117293108,569.7043477274974,174.6362270351974,639.5495506156602,155.31734112996088,162.5216755709734,137.48452337128077,123.88390376050032,185.03870406109377,155.0913348381901,250.4257025095867,320.044899105979,231.10681660435023,348.2801938905555,195.44118108699047,340.8498531577722,275.68886100104993,309.6424220800824,384.1718356996859,357.19660276989543,418.351403070489
labeled-data,cam1_G7c1_1,img7075.png,580.106824753394,69.12538862967476,502.83128113244777,104.79102414703449,565.2461432878274,170.1780225955274,636.5774143225469,153.83127298340423,187.78483406243657,115.19350117293094,134.2863807863969,155.31734112996065,147.66099410540684,237.05108919057676,389.8901019941419,231.10681660435029,376.51548867513196,193.95511294043382,363.1408753561221,269.74458841482334,309.6424220800824,388.63004013935586,355.7105346233388,416.8653349239324
labeled-data,cam1_G7c1_1,img7110.png,594.9675062189606,67.63932048311811,507.28948557211777,107.76316044014781,563.7600751412707,167.20588630241411,635.0913461759903,161.26161371618753,189.27090220899322,112.22136487981764,141.7167215191802,149.37306854373406,149.1470622519635,226.64861216468017,380.97369311480196,244.48142992336017,373.54335238201867,201.3854536732171,354.22446647678214,275.68886100105,306.6702857869691,394.5743127255825,345.3080575974422,421.3235393636023
labeled-data,cam1_G7c1_1,img7197.png,583.0789610465073,67.63932048311811,504.3173492790045,104.79102414703449,566.7322114343841,167.20588630241411,636.5774143225469,150.85913669029094,165.49381186408672,137.48452337128077,114.96749488116038,195.44118108699035,364.6269435026787,241.50929363024687,345.3080575974422,190.98297664732053,334.90558057154556,280.1470654407199,315.58669466630903,390.1161082859125,343.8219894508855,413.89319863081903,,
labeled-data,cam1_G7c1_1,img7281.png,587.5371654861773,69.12538862967476,507.28948557211777,106.27709229359114,571.190415874054,171.66409074208406,639.5495506156602,153.83127298340423,162.5216755709734,149.37306854373406,111.99535858804705,205.843658112887,150.63313039852014,257.85604324237,306.6702857869691,240.02322548369017,334.90558057154556,199.89938552666047,323.0170353990923,284.60526988038987,321.5309672525357,394.5743127255825,361.65480720956543,428.75388009638567
labeled-data,cam1_G7c1_1,img7368.png,589.0232336327339,72.09752492278808,505.8034174255612,107.76316044014781,566.7322114343841,174.6362270351974,636.5774143225469,155.31734112996088,159.54953927786008,140.45665966439412,116.45356302771702,190.9829766473204,153.60526669163346,251.91177065614335,373.54335238201867,244.48142992336017,354.22446647678214,195.44118108699047,346.79412574399885,280.1470654407199,320.044899105979,390.11610828591256,358.6826709164521,424.2956756567157
labeled-data,cam1_G7c1_1,img7422.png,586.0510973396206,67.63932048311811,507.28948557211777,109.24922858670446,569.7043477274974,171.66409074208406,642.5216869087735,153.83127298340423,180.35449332965328,130.05418263849754,126.85604005361364,164.2337500093006,153.60526669163346,245.96749806991676,367.599079795792,238.53715733713352,354.22446647678214,186.52477220765053,339.36378501121555,274.2027928544933,308.15635393352574,381.19969940657256,348.2801938905555,413.89319863081903
labeled-data,cam1_G7c1_1,img7579.png,580.106824753394,66.15325233656144,505.8034174255612,106.27709229359114,571.190415874054,173.1501588886407,636.5774143225469,153.83127298340423,165.49381186408672,138.97059151783748,117.9396311742737,185.03870406109377,152.1191985450768,244.48142992336005,360.16873906300873,244.48142992336017,346.79412574399885,193.95511294043382,331.93344427843226,275.68886100104993,315.58669466630903,388.63004013935586,363.1408753561221,419.8374712170457
labeled-data,cam1_G7c1_1,img7710.png,584.565029193064,67.63932048311811,504.3173492790045,104.79102414703449,571.190415874054,173.1501588886407,641.0356187622169,149.37306854373423,161.03560742441675,140.45665966439412,117.9396311742737,183.55263591453712,144.68885781229352,232.59288475090682,297.75387690762915,234.07895289746352,334.90558057154556,189.49690850076382,318.5588309594224,281.6331335872766,321.5309672525357,384.1718356996859,364.6269435026787,424.2956756567157
labeled-data,cam1_G7c1_1,img8040.png,581.5928928999506,69.12538862967476,507.28948557211777,109.24922858670446,571.190415874054,171.66409074208406,635.0913461759903,152.34520483684759,174.41022074342666,134.51238707816748,138.74458522606687,177.60836332831053,152.1191985450768,242.9953617768034,378.0015568216886,244.48142992336017,363.1408753561221,196.92724923354717,360.16873906300873,277.17492914760663,305.18421764041244,387.1439719927992,343.8219894508855,413.89319863081903
labeled-data,cam1_G7c1_1,img8152.png,583.0789610465073,70.6114567762314,502.83128113244777,112.22136487981778,572.6764840206107,174.6362270351974,639.5495506156602,147.8870003971776,172.92415259687,128.56811449194083,135.77244893295358,165.71981815585724,155.0913348381901,245.96749806991676,372.057284235462,241.50929363024687,358.6826709164521,196.92724923354712,363.1408753561221,289.06347432005987,308.15635393352574,393.08824457902585,348.2801938905555,421.3235393636023
labeled-data,cam1_G7c1_1,img8158.png,584.565029193064,67.63932048311811,504.3173492790045,110.73529673326111,562.2740069947141,171.66409074208406,639.5495506156602,149.37306854373423,166.97988001064337,135.99845522472413,119.42569932083035,185.03870406109377,146.17492595885017,242.9953617768034,312.61455837319573,229.62074845779358,343.8219894508855,192.46904479387717,327.4752398387623,274.2027928544933,314.1006265197524,397.5464490186958,349.76626203711214,427.26781194982897
labeled-data,cam1_G7c1_1,img8221.png,586.0510973396206,66.15325233656144,507.28948557211777,113.70743302637443,566.7322114343841,170.1780225955274,638.0634824691036,153.83127298340423,174.41022074342666,131.54025078505418,125.36997190705696,171.66409074208389,144.68885781229352,240.0232254836901,302.21208134729915,231.10681660435023,337.8777168646589,193.95511294043382,321.5309672525357,278.6609972941633,306.6702857869691,390.1161082859125,346.79412574399885,416.8653349239324
labeled-data,cam1_G7c1_1,img8243.png,583.0789610465073,69.12538862967476,502.83128113244777,110.73529673326111,562.2740069947141,168.69195444897076,642.5216869087735,152.34520483684759,165.49381186408672,135.99845522472413,116.45356302771702,186.52477220765041,150.63313039852014,245.96749806991676,308.15635393352574,226.6486121646803,340.8498531577722,193.95511294043382,328.96130798531897,275.68886100104993,314.1006265197524,390.1161082859125,355.7105346233388,424.2956756567157
labeled-data,cam1_G7c1_1,img8331.png,584.565029193064,66.15325233656144,504.3173492790045,107.76316044014781,568.2182795809407,168.69195444897076,641.0356187622169,150.85913669029094,164.00774371753005,143.42879595750742,117.9396311742737,198.4133173801037,161.03560742441675,254.8839069492567,302.21208134729915,232.59288475090688,336.39164871810226,193.95511294043382,315.58669466630903,281.6331335872766,315.58669466630903,390.1161082859125,345.3080575974422,416.8653349239324
labeled-data,cam1_G7c1_1,img8419.png,587.5371654861773,64.66718419000479,501.3452129858912,110.73529673326111,565.2461432878274,168.69195444897076,639.5495506156602,150.85913669029094,189.27090220899322,121.13777375915758,137.25851707951023,149.373068543734,147.66099410540684,232.59288475090682,361.65480720956543,234.07895289746358,351.2523301836688,185.03870406109388,337.8777168646589,269.74458841482334,311.1284902266391,391.6021764324692,348.2801938905555,416.8653349239324
labeled-data,cam1_G7c1_1,img8474.png,586.0510973396206,64.66718419000479,505.8034174255612,103.30495600047784,566.7322114343841,170.1780225955274,636.5774143225469,155.31734112996088,174.41022074342666,134.51238707816748,125.36997190705696,186.52477220765041,158.06347113130343,254.8839069492567,369.08514794234867,240.02322548369023,349.76626203711214,188.01084035420718,348.2801938905555,272.71672470793663,312.61455837319573,393.08824457902585,345.3080575974422,421.3235393636023
labeled-data,cam1_G7c1_1,img8537.png,583.0789610465073,67.63932048311811,502.83128113244777,107.76316044014781,566.7322114343841,173.1501588886407,639.5495506156602,155.31734112996088,172.92415259687,133.02631893161083,123.88390376050032,183.55263591453712,158.06347113130343,263.80031582859664,303.6981494938558,229.62074845779358,334.90558057154556,189.49690850076382,321.5309672525357,281.6331335872766,315.58669466630903,391.6021764324692,348.2801938905555,421.3235393636023
labeled-data,cam1_G7c1_1,img8594.png,586.0510973396206,69.12538862967476,502.83128113244777,106.27709229359114,566.7322114343841,171.66409074208406,633.6052780294336,152.34520483684759,162.5216755709734,138.97059151783742,113.48142673460373,190.9829766473204,144.68885781229352,245.9674980699167,303.6981494938558,232.59288475090688,337.8777168646589,201.3854536732171,318.5588309594224,280.1470654407199,314.1006265197524,391.6021764324692,342.33592130432885,421.3235393636023
labeled-data,cam1_G7c1_1,img8629.png,587.5371654861773,64.66718419000479,508.7755537186745,112.22136487981778,571.190415874054,171.66409074208406,633.6052780294336,159.77554556963088,156.57740298474678,146.4009322506207,113.48142673460373,211.7879306991136,147.66099410540684,241.50929363024676,297.75387690762915,232.59288475090688,325.9891716922056,195.44118108699047,311.1284902266391,393.08824457902585,342.33592130432885,419.8374712170457,,
labeled-data,cam1_G7c1_1,img8709.png,575.648620313724,64.66718419000479,504.3173492790045,116.67956931948775,568.2182795809407,173.1501588886407,636.5774143225469,153.83127298340423,171.43808445031334,134.51238707816748,119.42569932083035,188.01084035420712,149.1470622519635,251.91177065614335,302.21208134729915,229.62074845779358,331.93344427843226,192.46904479387717,315.58669466630903,277.1749291476066,315.58669466630903,393.08824457902585,346.79412574399885,418.351403070489
labeled-data,cam1_G7c1_1,img8803.png,580.106824753394,66.15325233656144,504.3173492790045,110.73529673326111,566.7322114343841,170.1780225955274,641.0356187622169,153.83127298340423,164.00774371753005,141.94272781095077,113.48142673460373,198.4133173801037,141.7167215191802,235.5650210440201,360.16873906300873,232.59288475090693,351.2523301836688,183.55263591453723,343.8219894508855,268.2585202682667,309.6424220800824,393.08824457902585,342.33592130432885,418.351403070489
labeled-data,cam1_G7c1_1,img8913.png,583.0789610465073,63.18111604344814,501.3452129858912,109.24922858670446,578.6207566068373,177.6083633283107,641.0356187622169,147.8870003971776,181.84056147620993,130.05418263849754,143.20278966573684,179.09443147486718,162.5216755709734,232.59288475090682,397.3204427269252,244.48142992336017,380.97369311480196,196.92724923354717,376.51548867513196,275.68886100105,311.1284902266391,394.5743127255825,336.39164871810226,422.80960751015897
labeled-data,cam1_G7c1_1,img8933.png,586.0510973396206,64.66718419000479,501.3452129858912,107.76316044014781,565.2461432878274,170.1780225955274,639.5495506156602,159.77554556963088,166.97988001064337,133.02631893161083,134.2863807863969,174.63622703519718,155.0913348381901,241.50929363024676,392.8622382872552,240.02322548369023,375.0294205285753,193.95511294043382,378.0015568216886,277.17492914760663,299.2399450541858,387.1439719927992,327.4752398387623,416.8653349239324
labeled-data,cam1_G7c1_1,img9024.png,577.1346884602807,64.66718419000479,502.83128113244777,113.70743302637443,568.2182795809407,174.6362270351974,635.0913461759903,156.80340927651753,156.57740298474678,141.94272781095077,117.9396311742737,190.9829766473204,150.63313039852014,245.96749806991676,364.6269435026787,235.56502104402023,355.7105346233388,185.03870406109388,346.79412574399885,272.71672470793663,293.2956724679592,393.08824457902585,339.36378501121555,421.3235393636023
labeled-data,cam1_G7c1_1,img9035.png,586.0510973396206,64.66718419000479,505.8034174255612,103.30495600047784,566.7322114343841,174.6362270351974,633.6052780294336,158.28947742307417,192.24303850210654,125.59597819882755,134.2863807863969,158.289477423074,153.60526669163346,247.4535662164734,364.6269435026787,235.56502104402023,342.33592130432885,182.0665677679806,330.4473761318756,269.74458841482334,291.8096043214025,393.08824457902585,331.93344427843226,421.3235393636023
labeled-data,cam1_G7c1_1,img9059.png,589.0232336327339,66.15325233656144,505.8034174255612,104.79102414703449,563.7600751412707,173.1501588886407,638.0634824691036,155.31734112996088,192.24303850210654,128.5681144919409,135.77244893295358,164.2337500093006,159.54953927786008,247.4535662164734,360.16873906300873,228.13468031123693,348.2801938905555,185.03870406109388,336.39164871810226,266.77245212171,296.2678087610725,399.03251716525244,331.93344427843226,421.3235393636023
labeled-data,cam1_G7c1_1,img9071.png,584.565029193064,64.66718419000479,504.3173492790045,103.30495600047784,563.7600751412707,168.69195444897076,636.5774143225469,149.37306854373423,184.81269776932325,137.48452337128077,123.88390376050032,177.60836332831047,164.00774371753005,253.3978388027,370.5712160889054,237.05108919057687,346.79412574399885,186.52477220765053,342.33592130432885,269.74458841482334,287.35139988173256,403.49072160492244,315.58669466630903,431.72601638949897
labeled-data,cam1_G7c1_1,img9130.png,583.0789610465073,64.66718419000479,502.83128113244777,109.24922858670446,565.2461432878274,176.12229518175405,638.0634824691036,152.34520483684759,161.03560742441675,140.45665966439412,109.02322229493376,196.92724923354706,146.17492595885017,241.50929363024676,360.16873906300873,245.96749806991681,342.33592130432885,192.46904479387717,330.4473761318756,286.0913380269466,314.1006265197524,397.5464490186958,351.2523301836688,422.809607510159
labeled-data,cam1_G7c1_1,img9160.png,581.5928928999506,66.15325233656144,502.83128113244777,106.27709229359114,568.2182795809407,177.6083633283107,633.6052780294336,158.28947742307417,152.1191985450768,146.4009322506207,110.5092904414904,198.4133173801037,150.63313039852014,251.91177065614335,300.72601320074244,235.56502104402017,331.93344427843226,195.44118108699047,320.044899105979,277.1749291476066,314.1006265197524,393.08824457902585,354.22446647678214,424.2956756567157
labeled-data,cam1_G7c1_1,img9318.png,589.0232336327339,69.12538862967476,502.83128113244777,109.24922858670446,566.7322114343841,171.66409074208406,636.5774143225469,149.37306854373423,172.92415259687,140.45665966439412,120.911767467387,182.06656776798047,159.54953927786008,256.36997509581334,370.5712160889054,232.59288475090693,349.76626203711214,189.49690850076388,352.73839833022544,274.2027928544933,315.58669466630903,393.08824457902585,349.76626203711214,422.809607510159
labeled-data,cam1_G7c1_1,img9401.png,578.6207566068373,64.66718419000479,502.83128113244777,115.19350117293108,566.7322114343841,167.20588630241411,646.9798913484435,143.42879595750765,192.24303850210654,127.0820463453842,129.82817634672693,161.2616137161873,158.06347113130343,245.96749806991676,355.7105346233388,234.07895289746358,342.33592130432885,185.03870406109388,330.4473761318756,274.2027928544933,317.0727628128657,393.08824457902585,355.7105346233388,421.3235393636023
labeled-data,cam1_G7c1_1,img9563.png,580.106824753394,67.63932048311811,504.3173492790045,106.27709229359114,568.2182795809407,173.1501588886407,636.5774143225469,153.83127298340423,153.60526669163346,146.4009322506207,111.99535858804705,207.32972625944365,147.66099410540684,245.9674980699167,299.2399450541858,235.56502104402017,328.96130798531897,198.41331738010376,312.61455837319573,283.1192017338332,315.58669466630903,391.6021764324692,345.3080575974422,421.3235393636023
labeled-data,cam1_G7c1_1,img9799.png,578.6207566068373,63.181116043448114,496.8870085462212,107.76316044014781,571.190415874054,168.69195444897076,633.6052780294336,149.37306854373423,158.06347113130343,143.42879595750742,120.911767467387,204.3575899663303,155.0913348381901,248.93963436303005,302.21208134729915,225.16254401812358,333.4195124249889,192.46904479387717,320.044899105979,278.6609972941633,309.6424220800824,393.08824457902585,348.2801938905555,418.351403070489
labeled-data,cam1_G7c1_1,img9801.png,578.6207566068373,64.66718419000479,504.3173492790045,107.76316044014781,566.7322114343841,170.1780225955274,639.5495506156602,152.34520483684759,189.27090220899322,127.0820463453842,122.39783561394367,185.03870406109377,153.60526669163346,251.91177065614335,355.7105346233388,250.4257025095868,343.8219894508855,193.95511294043382,323.0170353990923,286.0913380269466,315.58669466630903,390.1161082859125,360.16873906300873,424.2956756567157
